,아파트명,면적,법정동주소,b_code,지번주소,도로명주소,latitude,longitude,세대수,임대세대수,최고층,최저층,용적률,건폐율,주차대수,건설사,난방,공급면적,전용면적,전용율,방수,욕실수,해당면적_세대수,현관구조,재산세,재산세합계,지방교육세,재산세_도시지역분,종합부동산세,결정세액,농어촌특별세,가격,겨울관리비,여름관리비,최소_매매호가,최대_매매호가,최소_전세호가,최대_전세호가,최소_월세호가,최대_월세호가,최소_실거래가,최대_실거래가,초등학교_학군정보,초등학교_설립정보,초등학교_남학생수,초등학교_여학생수,학교명,학교코드,학교주소,학교유형,설립유형,설립일자,교육청,홈페이지,학생_통계_기준일,교사당_학생_수,교실당_학생_수,남학생_수,여학생_수,교직원_통계_기준일,남교사_수,여교사_수,1학년_교실_수,2학년_교실_수,3학년_교실_수,4학년_교실_수,5학년_교실_수,6학년_교실_수,1학년_학생_수,2학년_학생_수,3학년_학생_수,4학년_학생_수,5학년_학생_수,6학년 학생 수,특수_교실_수,특수_교실_학생_수,총_교실_수,총_학생_수,남성_교직원_수,여성_교직원_수,내담자_상담사_수,외부_상담사_수,방과후_교실_통계_기준일,방과후 프로그램 수,방과후_학생 _수,도서관_도서_수,학생_당_도서_수,급식_서비스_통계_기준일,급식_서비스_운영_방식,급식_서비스_학생당_가격,급식_서비스_지원_학생_수,급식_서비스_연간_지원_금액,학교_위도,학교_경도,행정동_코드,시도명,평균_교실_당_학생_수(시도),평균_교사_당_학생_수(시도),구군명,평균_교실_당_학생_수(구군),평균_교사_당_학생_수(구군),도보_이동_시간(분),남교사 수,방과후_학생_수
0,극동,101A㎡,서울시 도봉구 도봉동,1132010800,81-1,서울시 도봉구 도봉로180길 77,37.682636,127.049803,205,0,15,9,235,20,164,극동건설,HT001,101.85,84.18,83,3,2,15,계단식,164700,438930,32940,241290,0,0,0,,199938,199136,,6억,,,,,,,,,,,서울누원초등학교,B100001741,서울특별시 도봉구 도봉동 22-19번지 (마들로 859-44),공립,단설,19930720,서울특별시교육청,http://nuwon.sen.es.kr,20230531,20.4,19.6,354.0,391.0,20230531,14.0,43.0,6.0,7.0,5.0,5.0,6.0,7.0,116.0,137.0,115.0,116.0,122.0,131.0,2.0,8.0,36.0,745.0,3.0,2.0,0.0,0.0,20230531,16.0,255.0,0.0,0.0,20230531,직영,3417.0,1072.0,908448000.0,37.68673161,127.0496481,1132010800,서울시,19.8,17.4,도봉구,19.4,17.8,8.0,,
1,극동,102C㎡,서울시 도봉구 도봉동,1132010800,81-1,서울시 도봉구 도봉로180길 77,37.682636,127.049803,205,0,15,9,235,20,164,극동건설,HT001,102.6,84.83,83,3,2,175,계단식,164700,438930,32940,241290,0,0,0,,201482,200674,5억,6억,3억,"3억 1,000",,,,,,,,,서울누원초등학교,B100001741,서울특별시 도봉구 도봉동 22-19번지 (마들로 859-44),공립,단설,19930720,서울특별시교육청,http://nuwon.sen.es.kr,20230531,20.4,19.6,354.0,391.0,20230531,14.0,43.0,6.0,7.0,5.0,5.0,6.0,7.0,116.0,137.0,115.0,116.0,122.0,131.0,2.0,8.0,36.0,745.0,3.0,2.0,0.0,0.0,20230531,16.0,255.0,0.0,0.0,20230531,직영,3417.0,1072.0,908448000.0,37.68673161,127.0496481,1132010800,서울시,19.8,17.4,도봉구,19.4,17.8,8.0,,
2,극동,102B,서울시 도봉구 도봉동,1132010800,81-1,서울시 도봉구 도봉로180길 77,37.682636,127.049803,205,0,15,9,235,20,164,극동건설,HT001,102.59,84.82,83,3,2,15,계단식,164700,438930,32940,241290,0,0,0,,201458,200650,,,,,,,,,,,,,서울누원초등학교,B100001741,서울특별시 도봉구 도봉동 22-19번지 (마들로 859-44),공립,단설,19930720,서울특별시교육청,http://nuwon.sen.es.kr,20230531,20.4,19.6,354.0,391.0,20230531,14.0,43.0,6.0,7.0,5.0,5.0,6.0,7.0,116.0,137.0,115.0,116.0,122.0,131.0,2.0,8.0,36.0,745.0,3.0,2.0,0.0,0.0,20230531,16.0,255.0,0.0,0.0,20230531,직영,3417.0,1072.0,908448000.0,37.68673161,127.0496481,1132010800,서울시,19.8,17.4,도봉구,19.4,17.8,8.0,,
0,다이아포레,33A㎡,서울시 도봉구 도봉동,1132010800,634-6,서울시 도봉구 마들로 696,37.672214,127.046765,16,0,7,7,237,49,11,(주)삼오건설,HT001,33.81,29.33,87,1,1,8,계단식,,,,,,,,,,,,,,,,,,,,,,,서울창도초등학교,B100001782,서울특별시 도봉구 방학동 722(방학로 88-1),공립,단설,19821007,서울특별시교육청,http://changdo.sen.es.kr,20230531,19.6,20.1,379.0,344.0,20230531,13.0,36.0,6.0,5.0,6.0,6.0,6.0,6.0,105.0,112.0,115.0,126.0,130.0,132.0,1.0,3.0,35.0,723.0,2.0,3.0,0.0,0.0,20230531,15.0,174.0,0.0,0.0,20230531,직영,3455.0,970.0,819265000.0,37.66358752,127.04902066,1132010600,서울시,19.8,17.4,도봉구,19.4,17.8,16.0,,
1,다이아포레,34B㎡,서울시 도봉구 도봉동,1132010800,634-6,서울시 도봉구 마들로 696,37.672214,127.046765,16,0,7,7,237,49,11,(주)삼오건설,HT001,34.62,30.03,87,1,1,2,계단식,,,,,,,,,,,,,,,,,,,,,,,서울창도초등학교,B100001782,서울특별시 도봉구 방학동 722(방학로 88-1),공립,단설,19821007,서울특별시교육청,http://changdo.sen.es.kr,20230531,19.6,20.1,379.0,344.0,20230531,13.0,36.0,6.0,5.0,6.0,6.0,6.0,6.0,105.0,112.0,115.0,126.0,130.0,132.0,1.0,3.0,35.0,723.0,2.0,3.0,0.0,0.0,20230531,15.0,174.0,0.0,0.0,20230531,직영,3455.0,970.0,819265000.0,37.66358752,127.04902066,1132010600,서울시,19.8,17.4,도봉구,19.4,17.8,16.0,,
2,다이아포레,41,서울시 도봉구 도봉동,1132010800,634-6,서울시 도봉구 마들로 696,37.672214,127.046765,16,0,7,7,237,49,11,(주)삼오건설,HT001,41.72,36.19,87,1,1,6,계단식,,,,,,,,,,,,,,,,,,,,,,,서울창도초등학교,B100001782,서울특별시 도봉구 방학동 722(방학로 88-1),공립,단설,19821007,서울특별시교육청,http://changdo.sen.es.kr,20230531,19.6,20.1,379.0,344.0,20230531,13.0,36.0,6.0,5.0,6.0,6.0,6.0,6.0,105.0,112.0,115.0,126.0,130.0,132.0,1.0,3.0,35.0,723.0,2.0,3.0,0.0,0.0,20230531,15.0,174.0,0.0,0.0,20230531,직영,3455.0,970.0,819265000.0,37.66358752,127.04902066,1132010600,서울시,19.8,17.4,도봉구,19.4,17.8,16.0,,
0,도봉미성,29A㎡,서울시 도봉구 도봉동,1132010800,596-7,서울시 도봉구 도봉로165길 18,37.677283,127.043944,14,0,7,6,292,59,17,프라임건설(주),HT001,29.52,24.84,84,1,1,3,계단식,,,,,,,,,,,,,,,,,,,,,,,서울도봉초등학교,B100001743,서울특별시 도봉구 도봉동 산75번지 (새주소: 서울특별시 도봉구 무수울2길 66),혁신,단설,19660628,서울특별시교육청,http://dobong.sen.es.kr,20230531,16.0,17.6,184.0,167.0,20230531,5.0,25.0,3.0,3.0,3.0,3.0,3.0,3.0,48.0,59.0,57.0,50.0,63.0,63.0,2.0,11.0,18.0,351.0,4.0,2.0,0.0,0.0,20230531,0.0,0.0,0.0,0.0,20230531,직영,3447.0,499.0,623840000.0,37.67936222,127.03836147,1132010800,서울시,19.8,17.4,도봉구,19.4,17.8,8.0,,
1,도봉미성,30B㎡,서울시 도봉구 도봉동,1132010800,596-7,서울시 도봉구 도봉로165길 18,37.677283,127.043944,14,0,7,6,292,59,17,프라임건설(주),HT001,30.49,25.65,84,1,1,3,계단식,,,,,,,,,,,,,,,,,,,,,,,서울도봉초등학교,B100001743,서울특별시 도봉구 도봉동 산75번지 (새주소: 서울특별시 도봉구 무수울2길 66),혁신,단설,19660628,서울특별시교육청,http://dobong.sen.es.kr,20230531,16.0,17.6,184.0,167.0,20230531,5.0,25.0,3.0,3.0,3.0,3.0,3.0,3.0,48.0,59.0,57.0,50.0,63.0,63.0,2.0,11.0,18.0,351.0,4.0,2.0,0.0,0.0,20230531,0.0,0.0,0.0,0.0,20230531,직영,3447.0,499.0,623840000.0,37.67936222,127.03836147,1132010800,서울시,19.8,17.4,도봉구,19.4,17.8,8.0,,
2,도봉미성,30C㎡,서울시 도봉구 도봉동,1132010800,596-7,서울시 도봉구 도봉로165길 18,37.677283,127.043944,14,0,7,6,292,59,17,프라임건설(주),HT001,30.96,26.05,84,1,1,2,계단식,,,,,,,,,,,,,,,,,,,,,,,서울도봉초등학교,B100001743,서울특별시 도봉구 도봉동 산75번지 (새주소: 서울특별시 도봉구 무수울2길 66),혁신,단설,19660628,서울특별시교육청,http://dobong.sen.es.kr,20230531,16.0,17.6,184.0,167.0,20230531,5.0,25.0,3.0,3.0,3.0,3.0,3.0,3.0,48.0,59.0,57.0,50.0,63.0,63.0,2.0,11.0,18.0,351.0,4.0,2.0,0.0,0.0,20230531,0.0,0.0,0.0,0.0,20230531,직영,3447.0,499.0,623840000.0,37.67936222,127.03836147,1132010800,서울시,19.8,17.4,도봉구,19.4,17.8,8.0,,
3,도봉미성,31D㎡,서울시 도봉구 도봉동,1132010800,596-7,서울시 도봉구 도봉로165길 18,37.677283,127.043944,14,0,7,6,292,59,17,프라임건설(주),HT001,31.14,26.2,84,1,1,2,계단식,,,,,,,,,,,,,,,,,,,,,,,서울도봉초등학교,B100001743,서울특별시 도봉구 도봉동 산75번지 (새주소: 서울특별시 도봉구 무수울2길 66),혁신,단설,19660628,서울특별시교육청,http://dobong.sen.es.kr,20230531,16.0,17.6,184.0,167.0,20230531,5.0,25.0,3.0,3.0,3.0,3.0,3.0,3.0,48.0,59.0,57.0,50.0,63.0,63.0,2.0,11.0,18.0,351.0,4.0,2.0,0.0,0.0,20230531,0.0,0.0,0.0,0.0,20230531,직영,3447.0,499.0,623840000.0,37.67936222,127.03836147,1132010800,서울시,19.8,17.4,도봉구,19.4,17.8,8.0,,
4,도봉미성,32㎡,서울시 도봉구 도봉동,1132010800,596-7,서울시 도봉구 도봉로165길 18,37.677283,127.043944,14,0,7,6,292,59,17,프라임건설(주),HT001,32.48,27.33,84,1,1,3,계단식,,,,,,,,,,,,,,,,,,,,,,,서울도봉초등학교,B100001743,서울특별시 도봉구 도봉동 산75번지 (새주소: 서울특별시 도봉구 무수울2길 66),혁신,단설,19660628,서울특별시교육청,http://dobong.sen.es.kr,20230531,16.0,17.6,184.0,167.0,20230531,5.0,25.0,3.0,3.0,3.0,3.0,3.0,3.0,48.0,59.0,57.0,50.0,63.0,63.0,2.0,11.0,18.0,351.0,4.0,2.0,0.0,0.0,20230531,0.0,0.0,0.0,0.0,20230531,직영,3447.0,499.0,623840000.0,37.67936222,127.03836147,1132010800,서울시,19.8,17.4,도봉구,19.4,17.8,8.0,,
5,도봉미성,35,서울시 도봉구 도봉동,1132010800,596-7,서울시 도봉구 도봉로165길 18,37.677283,127.043944,14,0,7,6,292,59,17,프라임건설(주),HT001,35.49,29.86,84,1,1,1,계단식,,,,,,,,,,,,,,,,,,,,,,,서울도봉초등학교,B100001743,서울특별시 도봉구 도봉동 산75번지 (새주소: 서울특별시 도봉구 무수울2길 66),혁신,단설,19660628,서울특별시교육청,http://dobong.sen.es.kr,20230531,16.0,17.6,184.0,167.0,20230531,5.0,25.0,3.0,3.0,3.0,3.0,3.0,3.0,48.0,59.0,57.0,50.0,63.0,63.0,2.0,11.0,18.0,351.0,4.0,2.0,0.0,0.0,20230531,0.0,0.0,0.0,0.0,20230531,직영,3447.0,499.0,623840000.0,37.67936222,127.03836147,1132010800,서울시,19.8,17.4,도봉구,19.4,17.8,8.0,,
0,도봉산리베니움,79㎡,서울시 도봉구 도봉동,1132010800,571,서울시 도봉구 도봉로181길 74-30,37.685538,127.043417,49,0,5,5,188,41,55,(주)호동종합건설,HT001,79.99,68.11,85,3,1,5,계단식,87900,270540,17580,165060,0,0,0,,,,,,,,,,,,,,,,서울도봉초등학교,B100001743,서울특별시 도봉구 도봉동 산75번지 (새주소: 서울특별시 도봉구 무수울2길 66),혁신,단설,19660628,서울특별시교육청,http://dobong.sen.es.kr,20230531,16.0,17.6,184.0,167.0,20230531,5.0,25.0,3.0,3.0,3.0,3.0,3.0,3.0,48.0,59.0,57.0,50.0,63.0,63.0,2.0,11.0,18.0,351.0,4.0,2.0,0.0,0.0,20230531,0.0,0.0,0.0,0.0,20230531,직영,3447.0,499.0,623840000.0,37.67936222,127.03836147,1132010800,서울시,19.8,17.4,도봉구,19.4,17.8,17.0,,
1,도봉산리베니움,96㎡,서울시 도봉구 도봉동,1132010800,571,서울시 도봉구 도봉로181길 74-30,37.685538,127.043417,49,0,5,5,188,41,55,(주)호동종합건설,HT001,96.72,82.25,85,3,2,5,계단식,103200,310320,20640,186480,0,0,0,,,,,,,,,,,,,,,,서울도봉초등학교,B100001743,서울특별시 도봉구 도봉동 산75번지 (새주소: 서울특별시 도봉구 무수울2길 66),혁신,단설,19660628,서울특별시교육청,http://dobong.sen.es.kr,20230531,16.0,17.6,184.0,167.0,20230531,5.0,25.0,3.0,3.0,3.0,3.0,3.0,3.0,48.0,59.0,57.0,50.0,63.0,63.0,2.0,11.0,18.0,351.0,4.0,2.0,0.0,0.0,20230531,0.0,0.0,0.0,0.0,20230531,직영,3447.0,499.0,623840000.0,37.67936222,127.03836147,1132010800,서울시,19.8,17.4,도봉구,19.4,17.8,17.0,,
2,도봉산리베니움,98A㎡,서울시 도봉구 도봉동,1132010800,571,서울시 도봉구 도봉로181길 74-30,37.685538,127.043417,49,0,5,5,188,41,55,(주)호동종합건설,HT001,98.62,84.19,85,3,2,20,계단식,107250,320850,21450,192150,0,0,0,,,,,,,,,,,,,,,,서울도봉초등학교,B100001743,서울특별시 도봉구 도봉동 산75번지 (새주소: 서울특별시 도봉구 무수울2길 66),혁신,단설,19660628,서울특별시교육청,http://dobong.sen.es.kr,20230531,16.0,17.6,184.0,167.0,20230531,5.0,25.0,3.0,3.0,3.0,3.0,3.0,3.0,48.0,59.0,57.0,50.0,63.0,63.0,2.0,11.0,18.0,351.0,4.0,2.0,0.0,0.0,20230531,0.0,0.0,0.0,0.0,20230531,직영,3447.0,499.0,623840000.0,37.67936222,127.03836147,1132010800,서울시,19.8,17.4,도봉구,19.4,17.8,17.0,,
3,도봉산리베니움,98B㎡,서울시 도봉구 도봉동,1132010800,571,서울시 도봉구 도봉로181길 74-30,37.685538,127.043417,49,0,5,5,188,41,55,(주)호동종합건설,HT001,98.82,84.58,86,3,2,15,계단식,107250,320850,21450,192150,0,0,0,,,,,,,,,,,,,,,,서울도봉초등학교,B100001743,서울특별시 도봉구 도봉동 산75번지 (새주소: 서울특별시 도봉구 무수울2길 66),혁신,단설,19660628,서울특별시교육청,http://dobong.sen.es.kr,20230531,16.0,17.6,184.0,167.0,20230531,5.0,25.0,3.0,3.0,3.0,3.0,3.0,3.0,48.0,59.0,57.0,50.0,63.0,63.0,2.0,11.0,18.0,351.0,4.0,2.0,0.0,0.0,20230531,0.0,0.0,0.0,0.0,20230531,직영,3447.0,499.0,623840000.0,37.67936222,127.03836147,1132010800,서울시,19.8,17.4,도봉구,19.4,17.8,17.0,,
4,도봉산리베니움,99C,서울시 도봉구 도봉동,1132010800,571,서울시 도봉구 도봉로181길 74-30,37.685538,127.043417,49,0,5,5,188,41,55,(주)호동종합건설,HT001,99.8,84.92,85,3,2,4,계단식,107250,320850,21450,192150,0,0,0,,,,,,,,,,,,,,,,서울도봉초등학교,B100001743,서울특별시 도봉구 도봉동 산75번지 (새주소: 서울특별시 도봉구 무수울2길 66),혁신,단설,19660628,서울특별시교육청,http://dobong.sen.es.kr,20230531,16.0,17.6,184.0,167.0,20230531,5.0,25.0,3.0,3.0,3.0,3.0,3.0,3.0,48.0,59.0,57.0,50.0,63.0,63.0,2.0,11.0,18.0,351.0,4.0,2.0,0.0,0.0,20230531,0.0,0.0,0.0,0.0,20230531,직영,3447.0,499.0,623840000.0,37.67936222,127.03836147,1132010800,서울시,19.8,17.4,도봉구,19.4,17.8,17.0,,
0,도봉숲아뜨리움(도시형),59A㎡,서울시 도봉구 도봉동,1132010800,593-37,서울시 도봉구 도봉로167길 38,37.678226,127.042452,172,0,5,4,149,40,165,성보건설산업(주),HT001,59.85,46.83,78,3,2,19,계단식,138300,323040,27660,157080,0,0,0,,147290,152315,,"4억 5,000",,"2억 8,000",,,,,,,,,서울도봉초등학교,B100001743,서울특별시 도봉구 도봉동 산75번지 (새주소: 서울특별시 도봉구 무수울2길 66),혁신,단설,19660628,서울특별시교육청,http://dobong.sen.es.kr,20230531,16.0,17.6,184.0,167.0,20230531,5.0,25.0,3.0,3.0,3.0,3.0,3.0,3.0,48.0,59.0,57.0,50.0,63.0,63.0,2.0,11.0,18.0,351.0,4.0,2.0,0.0,0.0,20230531,0.0,0.0,0.0,0.0,20230531,직영,3447.0,499.0,623840000.0,37.67936222,127.03836147,1132010800,서울시,19.8,17.4,도봉구,19.4,17.8,5.0,,
1,도봉숲아뜨리움(도시형),60B㎡,서울시 도봉구 도봉동,1132010800,593-37,서울시 도봉구 도봉로167길 38,37.678226,127.042452,172,0,5,4,149,40,165,성보건설산업(주),HT001,60.44,47.04,78,3,2,5,계단식,139200,324960,27840,157920,0,0,0,,147951,152998,,,,,,,,,,,,,서울도봉초등학교,B100001743,서울특별시 도봉구 도봉동 산75번지 (새주소: 서울특별시 도봉구 무수울2길 66),혁신,단설,19660628,서울특별시교육청,http://dobong.sen.es.kr,20230531,16.0,17.6,184.0,167.0,20230531,5.0,25.0,3.0,3.0,3.0,3.0,3.0,3.0,48.0,59.0,57.0,50.0,63.0,63.0,2.0,11.0,18.0,351.0,4.0,2.0,0.0,0.0,20230531,0.0,0.0,0.0,0.0,20230531,직영,3447.0,499.0,623840000.0,37.67936222,127.03836147,1132010800,서울시,19.8,17.4,도봉구,19.4,17.8,5.0,,
2,도봉숲아뜨리움(도시형),62㎡,서울시 도봉구 도봉동,1132010800,593-37,서울시 도봉구 도봉로167길 38,37.678226,127.042452,172,0,5,4,149,40,165,성보건설산업(주),HT001,62.29,48.63,78,3,1,5,계단식,140100,326880,28020,158760,0,0,0,,152951,158169,,"4억 5,000",,,,,,,,,,,서울도봉초등학교,B100001743,서울특별시 도봉구 도봉동 산75번지 (새주소: 서울특별시 도봉구 무수울2길 66),혁신,단설,19660628,서울특별시교육청,http://dobong.sen.es.kr,20230531,16.0,17.6,184.0,167.0,20230531,5.0,25.0,3.0,3.0,3.0,3.0,3.0,3.0,48.0,59.0,57.0,50.0,63.0,63.0,2.0,11.0,18.0,351.0,4.0,2.0,0.0,0.0,20230531,0.0,0.0,0.0,0.0,20230531,직영,3447.0,499.0,623840000.0,37.67936222,127.03836147,1132010800,서울시,19.8,17.4,도봉구,19.4,17.8,5.0,,
3,도봉숲아뜨리움(도시형),67B㎡,서울시 도봉구 도봉동,1132010800,593-37,서울시 도봉구 도봉로167길 38,37.678226,127.042452,172,0,5,4,149,40,165,성보건설산업(주),HT001,67.93,53.66,79,3,2,4,계단식,139200,324960,27840,157920,0,0,0,,168772,174529,,,,,,,,,,,,,서울도봉초등학교,B100001743,서울특별시 도봉구 도봉동 산75번지 (새주소: 서울특별시 도봉구 무수울2길 66),혁신,단설,19660628,서울특별시교육청,http://dobong.sen.es.kr,20230531,16.0,17.6,184.0,167.0,20230531,5.0,25.0,3.0,3.0,3.0,3.0,3.0,3.0,48.0,59.0,57.0,50.0,63.0,63.0,2.0,11.0,18.0,351.0,4.0,2.0,0.0,0.0,20230531,0.0,0.0,0.0,0.0,20230531,직영,3447.0,499.0,623840000.0,37.67936222,127.03836147,1132010800,서울시,19.8,17.4,도봉구,19.4,17.8,5.0,,
4,도봉숲아뜨리움(도시형),68D㎡,서울시 도봉구 도봉동,1132010800,593-37,서울시 도봉구 도봉로167길 38,37.678226,127.042452,172,0,5,4,149,40,165,성보건설산업(주),HT001,68.77,53.98,78,3,2,20,계단식,135600,317280,27120,154560,0,0,0,,169778,175570,,,,,,,,,,,,,서울도봉초등학교,B100001743,서울특별시 도봉구 도봉동 산75번지 (새주소: 서울특별시 도봉구 무수울2길 66),혁신,단설,19660628,서울특별시교육청,http://dobong.sen.es.kr,20230531,16.0,17.6,184.0,167.0,20230531,5.0,25.0,3.0,3.0,3.0,3.0,3.0,3.0,48.0,59.0,57.0,50.0,63.0,63.0,2.0,11.0,18.0,351.0,4.0,2.0,0.0,0.0,20230531,0.0,0.0,0.0,0.0,20230531,직영,3447.0,499.0,623840000.0,37.67936222,127.03836147,1132010800,서울시,19.8,17.4,도봉구,19.4,17.8,5.0,,
5,도봉숲아뜨리움(도시형),68C㎡,서울시 도봉구 도봉동,1132010800,593-37,서울시 도봉구 도봉로167길 38,37.678226,127.042452,172,0,5,4,149,40,165,성보건설산업(주),HT001,68.72,53.62,78,3,2,5,계단식,147300,342240,29460,165480,0,0,0,,168646,174399,,,,,,,,,,,,,서울도봉초등학교,B100001743,서울특별시 도봉구 도봉동 산75번지 (새주소: 서울특별시 도봉구 무수울2길 66),혁신,단설,19660628,서울특별시교육청,http://dobong.sen.es.kr,20230531,16.0,17.6,184.0,167.0,20230531,5.0,25.0,3.0,3.0,3.0,3.0,3.0,3.0,48.0,59.0,57.0,50.0,63.0,63.0,2.0,11.0,18.0,351.0,4.0,2.0,0.0,0.0,20230531,0.0,0.0,0.0,0.0,20230531,직영,3447.0,499.0,623840000.0,37.67936222,127.03836147,1132010800,서울시,19.8,17.4,도봉구,19.4,17.8,5.0,,
6,도봉숲아뜨리움(도시형),68E㎡,서울시 도봉구 도봉동,1132010800,593-37,서울시 도봉구 도봉로167길 38,37.678226,127.042452,172,0,5,4,149,40,165,성보건설산업(주),HT001,68.99,54.51,79,3,2,4,계단식,142800,332640,28560,161280,0,0,0,,171445,177294,,,,,,,,,,,,,서울도봉초등학교,B100001743,서울특별시 도봉구 도봉동 산75번지 (새주소: 서울특별시 도봉구 무수울2길 66),혁신,단설,19660628,서울특별시교육청,http://dobong.sen.es.kr,20230531,16.0,17.6,184.0,167.0,20230531,5.0,25.0,3.0,3.0,3.0,3.0,3.0,3.0,48.0,59.0,57.0,50.0,63.0,63.0,2.0,11.0,18.0,351.0,4.0,2.0,0.0,0.0,20230531,0.0,0.0,0.0,0.0,20230531,직영,3447.0,499.0,623840000.0,37.67936222,127.03836147,1132010800,서울시,19.8,17.4,도봉구,19.4,17.8,5.0,,
7,도봉숲아뜨리움(도시형),70A㎡,서울시 도봉구 도봉동,1132010800,593-37,서울시 도봉구 도봉로167길 38,37.678226,127.042452,172,0,5,4,149,40,165,성보건설산업(주),HT001,70.11,55.18,79,3,2,104,계단식,152700,353760,30540,170520,0,0,0,,173553,179473,"4억 1,000","5억 2,000",,,,,,,,,,,서울도봉초등학교,B100001743,서울특별시 도봉구 도봉동 산75번지 (새주소: 서울특별시 도봉구 무수울2길 66),혁신,단설,19660628,서울특별시교육청,http://dobong.sen.es.kr,20230531,16.0,17.6,184.0,167.0,20230531,5.0,25.0,3.0,3.0,3.0,3.0,3.0,3.0,48.0,59.0,57.0,50.0,63.0,63.0,2.0,11.0,18.0,351.0,4.0,2.0,0.0,0.0,20230531,0.0,0.0,0.0,0.0,20230531,직영,3447.0,499.0,623840000.0,37.67936222,127.03836147,1132010800,서울시,19.8,17.4,도봉구,19.4,17.8,5.0,,
8,도봉숲아뜨리움(도시형),71㎡,서울시 도봉구 도봉동,1132010800,593-37,서울시 도봉구 도봉로167길 38,37.678226,127.042452,172,0,5,4,149,40,165,성보건설산업(주),HT001,71.15,55.92,79,3,2,4,계단식,144600,336480,28920,162960,0,0,0,,175880,181880,,,,,,,,,,,,,서울도봉초등학교,B100001743,서울특별시 도봉구 도봉동 산75번지 (새주소: 서울특별시 도봉구 무수울2길 66),혁신,단설,19660628,서울특별시교육청,http://dobong.sen.es.kr,20230531,16.0,17.6,184.0,167.0,20230531,5.0,25.0,3.0,3.0,3.0,3.0,3.0,3.0,48.0,59.0,57.0,50.0,63.0,63.0,2.0,11.0,18.0,351.0,4.0,2.0,0.0,0.0,20230531,0.0,0.0,0.0,0.0,20230531,직영,3447.0,499.0,623840000.0,37.67936222,127.03836147,1132010800,서울시,19.8,17.4,도봉구,19.4,17.8,5.0,,
9,도봉숲아뜨리움(도시형),81㎡,서울시 도봉구 도봉동,1132010800,593-37,서울시 도봉구 도봉로167길 38,37.678226,127.042452,172,0,5,4,149,40,165,성보건설산업(주),HT001,81.9,63.72,78,3,2,1,계단식,172500,396000,34500,189000,0,0,0,,200413,207249,,"6억 3,000",,"3억 3,000",,,,,,,,,서울도봉초등학교,B100001743,서울특별시 도봉구 도봉동 산75번지 (새주소: 서울특별시 도봉구 무수울2길 66),혁신,단설,19660628,서울특별시교육청,http://dobong.sen.es.kr,20230531,16.0,17.6,184.0,167.0,20230531,5.0,25.0,3.0,3.0,3.0,3.0,3.0,3.0,48.0,59.0,57.0,50.0,63.0,63.0,2.0,11.0,18.0,351.0,4.0,2.0,0.0,0.0,20230531,0.0,0.0,0.0,0.0,20230531,직영,3447.0,499.0,623840000.0,37.67936222,127.03836147,1132010800,서울시,19.8,17.4,도봉구,19.4,17.8,5.0,,
10,도봉숲아뜨리움(도시형),93,서울시 도봉구 도봉동,1132010800,593-37,서울시 도봉구 도봉로167길 38,37.678226,127.042452,172,0,5,4,149,40,165,성보건설산업(주),HT001,93.87,73.06,78,3,2,1,계단식,185100,422880,37020,200760,0,0,0,,229789,237628,,,,,,,,,,,,,서울도봉초등학교,B100001743,서울특별시 도봉구 도봉동 산75번지 (새주소: 서울특별시 도봉구 무수울2길 66),혁신,단설,19660628,서울특별시교육청,http://dobong.sen.es.kr,20230531,16.0,17.6,184.0,167.0,20230531,5.0,25.0,3.0,3.0,3.0,3.0,3.0,3.0,48.0,59.0,57.0,50.0,63.0,63.0,2.0,11.0,18.0,351.0,4.0,2.0,0.0,0.0,20230531,0.0,0.0,0.0,0.0,20230531,직영,3447.0,499.0,623840000.0,37.67936222,127.03836147,1132010800,서울시,19.8,17.4,도봉구,19.4,17.8,5.0,,
0,도봉유원,104,서울시 도봉구 도봉동,1132010800,83,서울시 도봉구 도봉로180길 50,37.682328,127.04839,286,0,15,9,225,0,143,유원건설(주),HT001,104.79,84.93,81,3,2,286,계단식,204300,514170,40860,269010,0,0,0,,167682,166290,"5억 5,000","6억 7,000",,"2억 5,000",,,,,,,,,서울누원초등학교,B100001741,서울특별시 도봉구 도봉동 22-19번지 (마들로 859-44),공립,단설,19930720,서울특별시교육청,http://nuwon.sen.es.kr,20230531,20.4,19.6,354.0,391.0,20230531,14.0,43.0,6.0,7.0,5.0,5.0,6.0,7.0,116.0,137.0,115.0,116.0,122.0,131.0,2.0,8.0,36.0,745.0,3.0,2.0,0.0,0.0,20230531,16.0,255.0,0.0,0.0,20230531,직영,3417.0,1072.0,908448000.0,37.68673161,127.0496481,1132010800,서울시,19.8,17.4,도봉구,19.4,17.8,8.0,,
0,도봉파크빌2단지,109A㎡,서울시 도봉구 도봉동,1132010800,647,서울시 도봉구 마들로 835,37.684112,127.050657,139,0,20,10,224,17,158,유진건설(주)외1,HT001,109.86,84.35,77,3,2,83,계단식,238500,579150,47700,292950,0,0,0,,,,,"5억 9,000",,"3억 8,000",,,,,,,,,서울누원초등학교,B100001741,서울특별시 도봉구 도봉동 22-19번지 (마들로 859-44),공립,단설,19930720,서울특별시교육청,http://nuwon.sen.es.kr,20230531,20.4,19.6,354.0,391.0,20230531,14.0,43.0,6.0,7.0,5.0,5.0,6.0,7.0,116.0,137.0,115.0,116.0,122.0,131.0,2.0,8.0,36.0,745.0,3.0,2.0,0.0,0.0,20230531,16.0,255.0,0.0,0.0,20230531,직영,3417.0,1072.0,908448000.0,37.68673161,127.0496481,1132010800,서울시,19.8,17.4,도봉구,19.4,17.8,3.0,,
1,도봉파크빌2단지,109D㎡,서울시 도봉구 도봉동,1132010800,647,서울시 도봉구 마들로 835,37.684112,127.050657,139,0,20,10,224,17,158,유진건설(주)외1,HT001,109.59,84.15,77,3,2,21,계단식,238500,579150,47700,292950,0,0,0,,,,,,,,,,,,,,,,서울누원초등학교,B100001741,서울특별시 도봉구 도봉동 22-19번지 (마들로 859-44),공립,단설,19930720,서울특별시교육청,http://nuwon.sen.es.kr,20230531,20.4,19.6,354.0,391.0,20230531,14.0,43.0,6.0,7.0,5.0,5.0,6.0,7.0,116.0,137.0,115.0,116.0,122.0,131.0,2.0,8.0,36.0,745.0,3.0,2.0,0.0,0.0,20230531,16.0,255.0,0.0,0.0,20230531,직영,3417.0,1072.0,908448000.0,37.68673161,127.0496481,1132010800,서울시,19.8,17.4,도봉구,19.4,17.8,3.0,,
2,도봉파크빌2단지,109B㎡,서울시 도봉구 도봉동,1132010800,647,서울시 도봉구 마들로 835,37.684112,127.050657,139,0,20,10,224,17,158,유진건설(주)외1,HT001,109.61,84.16,77,3,2,20,계단식,238500,579150,47700,292950,0,0,0,,,,6억,"6억 5,000",,,,,,,,,,,서울누원초등학교,B100001741,서울특별시 도봉구 도봉동 22-19번지 (마들로 859-44),공립,단설,19930720,서울특별시교육청,http://nuwon.sen.es.kr,20230531,20.4,19.6,354.0,391.0,20230531,14.0,43.0,6.0,7.0,5.0,5.0,6.0,7.0,116.0,137.0,115.0,116.0,122.0,131.0,2.0,8.0,36.0,745.0,3.0,2.0,0.0,0.0,20230531,16.0,255.0,0.0,0.0,20230531,직영,3417.0,1072.0,908448000.0,37.68673161,127.0496481,1132010800,서울시,19.8,17.4,도봉구,19.4,17.8,3.0,,
3,도봉파크빌2단지,109C,서울시 도봉구 도봉동,1132010800,647,서울시 도봉구 마들로 835,37.684112,127.050657,139,0,20,10,224,17,158,유진건설(주)외1,HT001,109.61,84.16,77,3,2,15,계단식,238500,579150,47700,292950,0,0,0,,,,,,,,,,,,,,,,서울누원초등학교,B100001741,서울특별시 도봉구 도봉동 22-19번지 (마들로 859-44),공립,단설,19930720,서울특별시교육청,http://nuwon.sen.es.kr,20230531,20.4,19.6,354.0,391.0,20230531,14.0,43.0,6.0,7.0,5.0,5.0,6.0,7.0,116.0,137.0,115.0,116.0,122.0,131.0,2.0,8.0,36.0,745.0,3.0,2.0,0.0,0.0,20230531,16.0,255.0,0.0,0.0,20230531,직영,3417.0,1072.0,908448000.0,37.68673161,127.0496481,1132010800,서울시,19.8,17.4,도봉구,19.4,17.8,3.0,,
0,도봉파크빌3단지,106A㎡,서울시 도봉구 도봉동,1132010800,644,서울시 도봉구 마들로 891,37.687341,127.048893,200,0,19,11,222,17,230,유진건설(주)외1,HT001,106.78,84.35,79,3,2,73,계단식,253800,608220,50760,303660,0,0,0,,205991,200273,,,,,,,,,,,,,서울누원초등학교,B100001741,서울특별시 도봉구 도봉동 22-19번지 (마들로 859-44),공립,단설,19930720,서울특별시교육청,http://nuwon.sen.es.kr,20230531,20.4,19.6,354.0,391.0,20230531,14.0,43.0,6.0,7.0,5.0,5.0,6.0,7.0,116.0,137.0,115.0,116.0,122.0,131.0,2.0,8.0,36.0,745.0,3.0,2.0,0.0,0.0,20230531,16.0,255.0,0.0,0.0,20230531,직영,3417.0,1072.0,908448000.0,37.68673161,127.0496481,1132010800,서울시,19.8,17.4,도봉구,19.4,17.8,1.0,,
1,도봉파크빌3단지,106B㎡,서울시 도봉구 도봉동,1132010800,644,서울시 도봉구 마들로 891,37.687341,127.048893,200,0,19,11,222,17,230,유진건설(주)외1,HT001,106.54,84.16,79,3,2,38,계단식,253800,608220,50760,303660,0,0,0,,205525,199819,,,,,,,,,,,,,서울누원초등학교,B100001741,서울특별시 도봉구 도봉동 22-19번지 (마들로 859-44),공립,단설,19930720,서울특별시교육청,http://nuwon.sen.es.kr,20230531,20.4,19.6,354.0,391.0,20230531,14.0,43.0,6.0,7.0,5.0,5.0,6.0,7.0,116.0,137.0,115.0,116.0,122.0,131.0,2.0,8.0,36.0,745.0,3.0,2.0,0.0,0.0,20230531,16.0,255.0,0.0,0.0,20230531,직영,3417.0,1072.0,908448000.0,37.68673161,127.0496481,1132010800,서울시,19.8,17.4,도봉구,19.4,17.8,1.0,,
2,도봉파크빌3단지,106D㎡,서울시 도봉구 도봉동,1132010800,644,서울시 도봉구 마들로 891,37.687341,127.048893,200,0,19,11,222,17,230,유진건설(주)외1,HT001,106.53,84.15,79,3,2,36,계단식,253800,608220,50760,303660,0,0,0,,205505,199800,,,,,,,,,,,,,서울누원초등학교,B100001741,서울특별시 도봉구 도봉동 22-19번지 (마들로 859-44),공립,단설,19930720,서울특별시교육청,http://nuwon.sen.es.kr,20230531,20.4,19.6,354.0,391.0,20230531,14.0,43.0,6.0,7.0,5.0,5.0,6.0,7.0,116.0,137.0,115.0,116.0,122.0,131.0,2.0,8.0,36.0,745.0,3.0,2.0,0.0,0.0,20230531,16.0,255.0,0.0,0.0,20230531,직영,3417.0,1072.0,908448000.0,37.68673161,127.0496481,1132010800,서울시,19.8,17.4,도봉구,19.4,17.8,1.0,,
3,도봉파크빌3단지,106E㎡,서울시 도봉구 도봉동,1132010800,644,서울시 도봉구 마들로 891,37.687341,127.048893,200,0,19,11,222,17,230,유진건설(주)외1,HT001,106.76,84.33,79,3,2,36,계단식,253800,608220,50760,303660,0,0,0,,205947,200230,,"7억 5,000",,,,"1억 6,500/90",,"1억 6,500/90",,,,,서울누원초등학교,B100001741,서울특별시 도봉구 도봉동 22-19번지 (마들로 859-44),공립,단설,19930720,서울특별시교육청,http://nuwon.sen.es.kr,20230531,20.4,19.6,354.0,391.0,20230531,14.0,43.0,6.0,7.0,5.0,5.0,6.0,7.0,116.0,137.0,115.0,116.0,122.0,131.0,2.0,8.0,36.0,745.0,3.0,2.0,0.0,0.0,20230531,16.0,255.0,0.0,0.0,20230531,직영,3417.0,1072.0,908448000.0,37.68673161,127.0496481,1132010800,서울시,19.8,17.4,도봉구,19.4,17.8,1.0,,
4,도봉파크빌3단지,106C,서울시 도봉구 도봉동,1132010800,644,서울시 도봉구 마들로 891,37.687341,127.048893,200,0,19,11,222,17,230,유진건설(주)외1,HT001,106.54,84.16,79,3,2,17,계단식,244800,591120,48960,297360,0,0,0,,205532,199827,,6억,,,,,,,,,,,서울누원초등학교,B100001741,서울특별시 도봉구 도봉동 22-19번지 (마들로 859-44),공립,단설,19930720,서울특별시교육청,http://nuwon.sen.es.kr,20230531,20.4,19.6,354.0,391.0,20230531,14.0,43.0,6.0,7.0,5.0,5.0,6.0,7.0,116.0,137.0,115.0,116.0,122.0,131.0,2.0,8.0,36.0,745.0,3.0,2.0,0.0,0.0,20230531,16.0,255.0,0.0,0.0,20230531,직영,3417.0,1072.0,908448000.0,37.68673161,127.0496481,1132010800,서울시,19.8,17.4,도봉구,19.4,17.8,1.0,,
0,도봉한신,95㎡,서울시 도봉구 도봉동,1132010800,30-1,서울시 도봉구 마들로 859-19,37.686235,127.047966,2678,0,17,11,283,20,2462,한신공영(주),HT001,95.38,77.46,81,3,1,24,계단식,,,,,,,,,177729,171059,,,,,,,,,,,,,서울누원초등학교,B100001741,서울특별시 도봉구 도봉동 22-19번지 (마들로 859-44),공립,단설,19930720,서울특별시교육청,http://nuwon.sen.es.kr,20230531,20.4,19.6,354.0,391.0,20230531,14.0,43.0,6.0,7.0,5.0,5.0,6.0,7.0,116.0,137.0,115.0,116.0,122.0,131.0,2.0,8.0,36.0,745.0,3.0,2.0,0.0,0.0,20230531,16.0,255.0,0.0,0.0,20230531,직영,3417.0,1072.0,908448000.0,37.68673161,127.0496481,1132010800,서울시,19.8,17.4,도봉구,19.4,17.8,1.0,,
1,도봉한신,102A㎡,서울시 도봉구 도봉동,1132010800,30-1,서울시 도봉구 마들로 859-19,37.686235,127.047966,2678,0,17,11,283,20,2462,한신공영(주),HT001,102.02,84.94,83,3,1,1595,계단식,,,,,,,,,194891,187577,5억,7억,"2억 9,000",4억,"8,000/120",1억/100,"8,000/120",1억/100,,,,,서울누원초등학교,B100001741,서울특별시 도봉구 도봉동 22-19번지 (마들로 859-44),공립,단설,19930720,서울특별시교육청,http://nuwon.sen.es.kr,20230531,20.4,19.6,354.0,391.0,20230531,14.0,43.0,6.0,7.0,5.0,5.0,6.0,7.0,116.0,137.0,115.0,116.0,122.0,131.0,2.0,8.0,36.0,745.0,3.0,2.0,0.0,0.0,20230531,16.0,255.0,0.0,0.0,20230531,직영,3417.0,1072.0,908448000.0,37.68673161,127.0496481,1132010800,서울시,19.8,17.4,도봉구,19.4,17.8,1.0,,
2,도봉한신,102B㎡,서울시 도봉구 도봉동,1132010800,30-1,서울시 도봉구 마들로 859-19,37.686235,127.047966,2678,0,17,11,283,20,2462,한신공영(주),HT001,102.02,84.94,83,3,2,10,계단식,,,,,,,,,194891,187577,"5억 3,000","6억 8,000","3억 2,000",4억,,"5,000/120",,"5,000/120",,,,,서울누원초등학교,B100001741,서울특별시 도봉구 도봉동 22-19번지 (마들로 859-44),공립,단설,19930720,서울특별시교육청,http://nuwon.sen.es.kr,20230531,20.4,19.6,354.0,391.0,20230531,14.0,43.0,6.0,7.0,5.0,5.0,6.0,7.0,116.0,137.0,115.0,116.0,122.0,131.0,2.0,8.0,36.0,745.0,3.0,2.0,0.0,0.0,20230531,16.0,255.0,0.0,0.0,20230531,직영,3417.0,1072.0,908448000.0,37.68673161,127.0496481,1132010800,서울시,19.8,17.4,도봉구,19.4,17.8,1.0,,
3,도봉한신,104C,서울시 도봉구 도봉동,1132010800,30-1,서울시 도봉구 마들로 859-19,37.686235,127.047966,2678,0,17,11,283,20,2462,한신공영(주),HT001,104.62,84.94,81,3,1,1049,계단식,,,,,,,,,194891,187577,"5억 3,000","7억 5,000",3억,"3억 9,000","5,000/120","8,000/120","5,000/120","8,000/120",,,,,서울누원초등학교,B100001741,서울특별시 도봉구 도봉동 22-19번지 (마들로 859-44),공립,단설,19930720,서울특별시교육청,http://nuwon.sen.es.kr,20230531,20.4,19.6,354.0,391.0,20230531,14.0,43.0,6.0,7.0,5.0,5.0,6.0,7.0,116.0,137.0,115.0,116.0,122.0,131.0,2.0,8.0,36.0,745.0,3.0,2.0,0.0,0.0,20230531,16.0,255.0,0.0,0.0,20230531,직영,3417.0,1072.0,908448000.0,37.68673161,127.0496481,1132010800,서울시,19.8,17.4,도봉구,19.4,17.8,1.0,,
0,도봉한양수자인(주상복합),108E㎡,서울시 도봉구 도봉동,1132010800,657,서울시 도봉구 마들로 724,37.674636,127.047638,80,0,15,15,399,59,148,,HT001,108.75,84.99,78,3,2,22,계단식,202500,510750,40500,267750,0,0,0,,,,"5억 8,000","6억 3,000",,,,,,,,,,,서울창도초등학교,B100001782,서울특별시 도봉구 방학동 722(방학로 88-1),공립,단설,19821007,서울특별시교육청,http://changdo.sen.es.kr,20230531,19.6,20.1,379.0,344.0,20230531,13.0,36.0,6.0,5.0,6.0,6.0,6.0,6.0,105.0,112.0,115.0,126.0,130.0,132.0,1.0,3.0,35.0,723.0,2.0,3.0,0.0,0.0,20230531,15.0,174.0,0.0,0.0,20230531,직영,3455.0,970.0,819265000.0,37.66358752,127.04902066,1132010600,서울시,19.8,17.4,도봉구,19.4,17.8,21.0,,
1,도봉한양수자인(주상복합),108C㎡,서울시 도봉구 도봉동,1132010800,657,서울시 도봉구 마들로 724,37.674636,127.047638,80,0,15,15,399,59,148,,HT001,108.55,84.46,78,3,2,18,계단식,202500,510750,40500,267750,0,0,0,,,,,,,4억,,,,,,,,,서울창도초등학교,B100001782,서울특별시 도봉구 방학동 722(방학로 88-1),공립,단설,19821007,서울특별시교육청,http://changdo.sen.es.kr,20230531,19.6,20.1,379.0,344.0,20230531,13.0,36.0,6.0,5.0,6.0,6.0,6.0,6.0,105.0,112.0,115.0,126.0,130.0,132.0,1.0,3.0,35.0,723.0,2.0,3.0,0.0,0.0,20230531,15.0,174.0,0.0,0.0,20230531,직영,3455.0,970.0,819265000.0,37.66358752,127.04902066,1132010600,서울시,19.8,17.4,도봉구,19.4,17.8,21.0,,
2,도봉한양수자인(주상복합),108A㎡,서울시 도봉구 도봉동,1132010800,657,서울시 도봉구 마들로 724,37.674636,127.047638,80,0,15,15,399,59,148,,HT001,108.6,84.46,78,3,2,17,계단식,202500,510750,40500,267750,0,0,0,,,,,,,,,,,,,,,,서울창도초등학교,B100001782,서울특별시 도봉구 방학동 722(방학로 88-1),공립,단설,19821007,서울특별시교육청,http://changdo.sen.es.kr,20230531,19.6,20.1,379.0,344.0,20230531,13.0,36.0,6.0,5.0,6.0,6.0,6.0,6.0,105.0,112.0,115.0,126.0,130.0,132.0,1.0,3.0,35.0,723.0,2.0,3.0,0.0,0.0,20230531,15.0,174.0,0.0,0.0,20230531,직영,3455.0,970.0,819265000.0,37.66358752,127.04902066,1132010600,서울시,19.8,17.4,도봉구,19.4,17.8,21.0,,
3,도봉한양수자인(주상복합),108B㎡,서울시 도봉구 도봉동,1132010800,657,서울시 도봉구 마들로 724,37.674636,127.047638,80,0,15,15,399,59,148,,HT001,108.74,84.46,78,3,2,3,계단식,202500,510750,40500,267750,0,0,0,,,,,,,,,,,,,,,,서울창도초등학교,B100001782,서울특별시 도봉구 방학동 722(방학로 88-1),공립,단설,19821007,서울특별시교육청,http://changdo.sen.es.kr,20230531,19.6,20.1,379.0,344.0,20230531,13.0,36.0,6.0,5.0,6.0,6.0,6.0,6.0,105.0,112.0,115.0,126.0,130.0,132.0,1.0,3.0,35.0,723.0,2.0,3.0,0.0,0.0,20230531,15.0,174.0,0.0,0.0,20230531,직영,3455.0,970.0,819265000.0,37.66358752,127.04902066,1132010600,서울시,19.8,17.4,도봉구,19.4,17.8,21.0,,
4,도봉한양수자인(주상복합),108D㎡,서울시 도봉구 도봉동,1132010800,657,서울시 도봉구 마들로 724,37.674636,127.047638,80,0,15,15,399,59,148,,HT001,108.58,84.46,78,3,2,2,계단식,202500,510750,40500,267750,0,0,0,,,,,,,,,,,,,,,,서울창도초등학교,B100001782,서울특별시 도봉구 방학동 722(방학로 88-1),공립,단설,19821007,서울특별시교육청,http://changdo.sen.es.kr,20230531,19.6,20.1,379.0,344.0,20230531,13.0,36.0,6.0,5.0,6.0,6.0,6.0,6.0,105.0,112.0,115.0,126.0,130.0,132.0,1.0,3.0,35.0,723.0,2.0,3.0,0.0,0.0,20230531,15.0,174.0,0.0,0.0,20230531,직영,3455.0,970.0,819265000.0,37.66358752,127.04902066,1132010600,서울시,19.8,17.4,도봉구,19.4,17.8,21.0,,
5,도봉한양수자인(주상복합),145㎡,서울시 도봉구 도봉동,1132010800,657,서울시 도봉구 마들로 724,37.674636,127.047638,80,0,15,15,399,59,148,,HT001,145.85,114.62,79,4,2,13,계단식,244800,591120,48960,297360,0,0,0,,,,,,,,,,,,,,,,서울창도초등학교,B100001782,서울특별시 도봉구 방학동 722(방학로 88-1),공립,단설,19821007,서울특별시교육청,http://changdo.sen.es.kr,20230531,19.6,20.1,379.0,344.0,20230531,13.0,36.0,6.0,5.0,6.0,6.0,6.0,6.0,105.0,112.0,115.0,126.0,130.0,132.0,1.0,3.0,35.0,723.0,2.0,3.0,0.0,0.0,20230531,15.0,174.0,0.0,0.0,20230531,직영,3455.0,970.0,819265000.0,37.66358752,127.04902066,1132010600,서울시,19.8,17.4,도봉구,19.4,17.8,21.0,,
6,도봉한양수자인(주상복합),149,서울시 도봉구 도봉동,1132010800,657,서울시 도봉구 마들로 724,37.674636,127.047638,80,0,15,15,399,59,148,,HT001,149.85,116.43,78,3,2,5,계단식,253800,608220,50760,303660,0,0,0,,,,,,,,,,,,,,,,서울창도초등학교,B100001782,서울특별시 도봉구 방학동 722(방학로 88-1),공립,단설,19821007,서울특별시교육청,http://changdo.sen.es.kr,20230531,19.6,20.1,379.0,344.0,20230531,13.0,36.0,6.0,5.0,6.0,6.0,6.0,6.0,105.0,112.0,115.0,126.0,130.0,132.0,1.0,3.0,35.0,723.0,2.0,3.0,0.0,0.0,20230531,15.0,174.0,0.0,0.0,20230531,직영,3455.0,970.0,819265000.0,37.66358752,127.04902066,1132010600,서울시,19.8,17.4,도봉구,19.4,17.8,21.0,,
0,동아에코빌,113N㎡,서울시 도봉구 도봉동,1132010800,654,서울시 도봉구 도봉로180길 6-23,37.681662,127.04693,526,0,22,15,334,23,721,동아건설산업(주),HT001,113.97,84.96,75,3,2,312,계단식,278100,654390,55620,320670,0,0,0,,208912,204142,"6억 3,000",8억,"3억 5,000","4억 5,000",,,,,,,,,서울누원초등학교,B100001741,서울특별시 도봉구 도봉동 22-19번지 (마들로 859-44),공립,단설,19930720,서울특별시교육청,http://nuwon.sen.es.kr,20230531,20.4,19.6,354.0,391.0,20230531,14.0,43.0,6.0,7.0,5.0,5.0,6.0,7.0,116.0,137.0,115.0,116.0,122.0,131.0,2.0,8.0,36.0,745.0,3.0,2.0,0.0,0.0,20230531,16.0,255.0,0.0,0.0,20230531,직영,3417.0,1072.0,908448000.0,37.68673161,127.0496481,1132010800,서울시,19.8,17.4,도봉구,19.4,17.8,10.0,,
1,동아에코빌,140㎡,서울시 도봉구 도봉동,1132010800,654,서울시 도봉구 도봉로180길 6-23,37.681662,127.04693,526,0,22,15,334,23,721,동아건설산업(주),HT001,140.27,105.97,76,3,2,172,계단식,324000,741600,64800,352800,0,0,0,,260568,254619,"8억 5,000",9억,,"5억 5,000",,,,,,,,,서울누원초등학교,B100001741,서울특별시 도봉구 도봉동 22-19번지 (마들로 859-44),공립,단설,19930720,서울특별시교육청,http://nuwon.sen.es.kr,20230531,20.4,19.6,354.0,391.0,20230531,14.0,43.0,6.0,7.0,5.0,5.0,6.0,7.0,116.0,137.0,115.0,116.0,122.0,131.0,2.0,8.0,36.0,745.0,3.0,2.0,0.0,0.0,20230531,16.0,255.0,0.0,0.0,20230531,직영,3417.0,1072.0,908448000.0,37.68673161,127.0496481,1132010800,서울시,19.8,17.4,도봉구,19.4,17.8,10.0,,
2,동아에코빌,163,서울시 도봉구 도봉동,1132010800,654,서울시 도봉구 도봉로180길 6-23,37.681662,127.04693,526,0,22,15,334,23,721,동아건설산업(주),HT001,163.74,123.68,76,4,2,42,계단식,374400,837360,74880,388080,0,0,0,,304115,297171,"9억 6,000",11억,,"5억 5,000",,3억/100,,3억/100,,,,,서울누원초등학교,B100001741,서울특별시 도봉구 도봉동 22-19번지 (마들로 859-44),공립,단설,19930720,서울특별시교육청,http://nuwon.sen.es.kr,20230531,20.4,19.6,354.0,391.0,20230531,14.0,43.0,6.0,7.0,5.0,5.0,6.0,7.0,116.0,137.0,115.0,116.0,122.0,131.0,2.0,8.0,36.0,745.0,3.0,2.0,0.0,0.0,20230531,16.0,255.0,0.0,0.0,20230531,직영,3417.0,1072.0,908448000.0,37.68673161,127.0496481,1132010800,서울시,19.8,17.4,도봉구,19.4,17.8,10.0,,
0,디자인빌(도시형),30㎡,서울시 도봉구 도봉동,1132010800,632-1,서울시 도봉구 마들로 728-6,37.674907,127.047805,16,0,9,9,349,59,11,정원종합건설(주),HT001,30.65,23.97,78,2,1,8,복도식,,,,,,,,,,,,,,"1억 5,000",,,,,,,,,서울창도초등학교,B100001782,서울특별시 도봉구 방학동 722(방학로 88-1),공립,단설,19821007,서울특별시교육청,http://changdo.sen.es.kr,20230531,19.6,20.1,379.0,344.0,20230531,13.0,36.0,6.0,5.0,6.0,6.0,6.0,6.0,105.0,112.0,115.0,126.0,130.0,132.0,1.0,3.0,35.0,723.0,2.0,3.0,0.0,0.0,20230531,15.0,174.0,0.0,0.0,20230531,직영,3455.0,970.0,819265000.0,37.66358752,127.04902066,1132010600,서울시,19.8,17.4,도봉구,19.4,17.8,22.0,,
1,디자인빌(도시형),31A㎡,서울시 도봉구 도봉동,1132010800,632-1,서울시 도봉구 마들로 728-6,37.674907,127.047805,16,0,9,9,349,59,11,정원종합건설(주),HT001,31.76,24.84,78,2,1,1,복도식,,,,,,,,,,,,,,,,,,,,,,,서울창도초등학교,B100001782,서울특별시 도봉구 방학동 722(방학로 88-1),공립,단설,19821007,서울특별시교육청,http://changdo.sen.es.kr,20230531,19.6,20.1,379.0,344.0,20230531,13.0,36.0,6.0,5.0,6.0,6.0,6.0,6.0,105.0,112.0,115.0,126.0,130.0,132.0,1.0,3.0,35.0,723.0,2.0,3.0,0.0,0.0,20230531,15.0,174.0,0.0,0.0,20230531,직영,3455.0,970.0,819265000.0,37.66358752,127.04902066,1132010600,서울시,19.8,17.4,도봉구,19.4,17.8,22.0,,
2,디자인빌(도시형),32C㎡,서울시 도봉구 도봉동,1132010800,632-1,서울시 도봉구 마들로 728-6,37.674907,127.047805,16,0,9,9,349,59,11,정원종합건설(주),HT001,32.85,26.09,79,2,1,3,복도식,,,,,,,,,,,,,,,,,,,,,,,서울창도초등학교,B100001782,서울특별시 도봉구 방학동 722(방학로 88-1),공립,단설,19821007,서울특별시교육청,http://changdo.sen.es.kr,20230531,19.6,20.1,379.0,344.0,20230531,13.0,36.0,6.0,5.0,6.0,6.0,6.0,6.0,105.0,112.0,115.0,126.0,130.0,132.0,1.0,3.0,35.0,723.0,2.0,3.0,0.0,0.0,20230531,15.0,174.0,0.0,0.0,20230531,직영,3455.0,970.0,819265000.0,37.66358752,127.04902066,1132010600,서울시,19.8,17.4,도봉구,19.4,17.8,22.0,,
3,디자인빌(도시형),32B㎡,서울시 도봉구 도봉동,1132010800,632-1,서울시 도봉구 마들로 728-6,37.674907,127.047805,16,0,9,9,349,59,11,정원종합건설(주),HT001,32.06,24.84,77,2,1,2,복도식,,,,,,,,,,,,,,,,,,,,,,,서울창도초등학교,B100001782,서울특별시 도봉구 방학동 722(방학로 88-1),공립,단설,19821007,서울특별시교육청,http://changdo.sen.es.kr,20230531,19.6,20.1,379.0,344.0,20230531,13.0,36.0,6.0,5.0,6.0,6.0,6.0,6.0,105.0,112.0,115.0,126.0,130.0,132.0,1.0,3.0,35.0,723.0,2.0,3.0,0.0,0.0,20230531,15.0,174.0,0.0,0.0,20230531,직영,3455.0,970.0,819265000.0,37.66358752,127.04902066,1132010600,서울시,19.8,17.4,도봉구,19.4,17.8,22.0,,
4,디자인빌(도시형),36㎡,서울시 도봉구 도봉동,1132010800,632-1,서울시 도봉구 마들로 728-6,37.674907,127.047805,16,0,9,9,349,59,11,정원종합건설(주),HT001,36.95,28.9,78,2,1,1,복도식,,,,,,,,,,,,"1억 7,000",,,,,,,,,,,서울창도초등학교,B100001782,서울특별시 도봉구 방학동 722(방학로 88-1),공립,단설,19821007,서울특별시교육청,http://changdo.sen.es.kr,20230531,19.6,20.1,379.0,344.0,20230531,13.0,36.0,6.0,5.0,6.0,6.0,6.0,6.0,105.0,112.0,115.0,126.0,130.0,132.0,1.0,3.0,35.0,723.0,2.0,3.0,0.0,0.0,20230531,15.0,174.0,0.0,0.0,20230531,직영,3455.0,970.0,819265000.0,37.66358752,127.04902066,1132010600,서울시,19.8,17.4,도봉구,19.4,17.8,22.0,,
5,디자인빌(도시형),38,서울시 도봉구 도봉동,1132010800,632-1,서울시 도봉구 마들로 728-6,37.674907,127.047805,16,0,9,9,349,59,11,정원종합건설(주),HT001,38.57,30.16,78,2,1,1,복도식,,,,,,,,,,,,,,,,,,,,,,,서울창도초등학교,B100001782,서울특별시 도봉구 방학동 722(방학로 88-1),공립,단설,19821007,서울특별시교육청,http://changdo.sen.es.kr,20230531,19.6,20.1,379.0,344.0,20230531,13.0,36.0,6.0,5.0,6.0,6.0,6.0,6.0,105.0,112.0,115.0,126.0,130.0,132.0,1.0,3.0,35.0,723.0,2.0,3.0,0.0,0.0,20230531,15.0,174.0,0.0,0.0,20230531,직영,3455.0,970.0,819265000.0,37.66358752,127.04902066,1132010600,서울시,19.8,17.4,도봉구,19.4,17.8,22.0,,
0,래미안도봉,79A㎡,서울시 도봉구 도봉동,1132010800,655,서울시 도봉구 도봉로170길 40,37.68001,127.047059,448,0,18,12,244,18,489,삼성물산(주),HT001,79.06,59.25,75,3,1,168,계단식,238500,579150,47700,292950,0,0,0,,155727,161634,"5억 7,500","6억 7,000","3억 3,000","3억 4,000",,,,,,,,,서울누원초등학교,B100001741,서울특별시 도봉구 도봉동 22-19번지 (마들로 859-44),공립,단설,19930720,서울특별시교육청,http://nuwon.sen.es.kr,20230531,20.4,19.6,354.0,391.0,20230531,14.0,43.0,6.0,7.0,5.0,5.0,6.0,7.0,116.0,137.0,115.0,116.0,122.0,131.0,2.0,8.0,36.0,745.0,3.0,2.0,0.0,0.0,20230531,16.0,255.0,0.0,0.0,20230531,직영,3417.0,1072.0,908448000.0,37.68673161,127.0496481,1132010800,서울시,19.8,17.4,도봉구,19.4,17.8,15.0,,
1,래미안도봉,79B㎡,서울시 도봉구 도봉동,1132010800,655,서울시 도봉구 도봉로170길 40,37.68001,127.047059,448,0,18,12,244,18,489,삼성물산(주),HT001,79.18,59.52,75,3,1,16,계단식,238500,579150,47700,292950,0,0,0,,156437,162371,,,,,,,,,,,,,서울누원초등학교,B100001741,서울특별시 도봉구 도봉동 22-19번지 (마들로 859-44),공립,단설,19930720,서울특별시교육청,http://nuwon.sen.es.kr,20230531,20.4,19.6,354.0,391.0,20230531,14.0,43.0,6.0,7.0,5.0,5.0,6.0,7.0,116.0,137.0,115.0,116.0,122.0,131.0,2.0,8.0,36.0,745.0,3.0,2.0,0.0,0.0,20230531,16.0,255.0,0.0,0.0,20230531,직영,3417.0,1072.0,908448000.0,37.68673161,127.0496481,1132010800,서울시,19.8,17.4,도봉구,19.4,17.8,15.0,,
2,래미안도봉,104㎡,서울시 도봉구 도봉동,1132010800,655,서울시 도봉구 도봉로170길 40,37.68001,127.047059,448,0,18,12,244,18,489,삼성물산(주),HT001,104.32,84.55,81,3,2,196,계단식,333000,758700,66600,359100,0,0,0,,222223,230653,7억,"8억 3,000","3억 7,000","4억 5,000",,1억/120,,1억/120,,,,,서울누원초등학교,B100001741,서울특별시 도봉구 도봉동 22-19번지 (마들로 859-44),공립,단설,19930720,서울특별시교육청,http://nuwon.sen.es.kr,20230531,20.4,19.6,354.0,391.0,20230531,14.0,43.0,6.0,7.0,5.0,5.0,6.0,7.0,116.0,137.0,115.0,116.0,122.0,131.0,2.0,8.0,36.0,745.0,3.0,2.0,0.0,0.0,20230531,16.0,255.0,0.0,0.0,20230531,직영,3417.0,1072.0,908448000.0,37.68673161,127.0496481,1132010800,서울시,19.8,17.4,도봉구,19.4,17.8,15.0,,
3,래미안도봉,134,서울시 도봉구 도봉동,1132010800,655,서울시 도봉구 도봉로170길 40,37.68001,127.047059,448,0,18,12,244,18,489,삼성물산(주),HT001,134.79,114.76,85,4,2,68,계단식,413100,910890,82620,415170,0,0,0,,301624,313066,9억,10억,,,,"5,000/200",,"5,000/200",,,,,서울누원초등학교,B100001741,서울특별시 도봉구 도봉동 22-19번지 (마들로 859-44),공립,단설,19930720,서울특별시교육청,http://nuwon.sen.es.kr,20230531,20.4,19.6,354.0,391.0,20230531,14.0,43.0,6.0,7.0,5.0,5.0,6.0,7.0,116.0,137.0,115.0,116.0,122.0,131.0,2.0,8.0,36.0,745.0,3.0,2.0,0.0,0.0,20230531,16.0,255.0,0.0,0.0,20230531,직영,3417.0,1072.0,908448000.0,37.68673161,127.0496481,1132010800,서울시,19.8,17.4,도봉구,19.4,17.8,15.0,,
0,럭키,100,서울시 도봉구 도봉동,1132010800,595,서울시 도봉구 도봉로169길 31,37.679499,127.044016,630,0,15,15,219,19,540,럭키개발(주),HT001,100.71,84.86,84,3,2,630,계단식,246600,594540,49320,298620,0,0,0,,238891,241317,5억,6억,,3억,,,,,,,,,서울도봉초등학교,B100001743,서울특별시 도봉구 도봉동 산75번지 (새주소: 서울특별시 도봉구 무수울2길 66),혁신,단설,19660628,서울특별시교육청,http://dobong.sen.es.kr,20230531,16.0,17.6,184.0,167.0,20230531,5.0,25.0,3.0,3.0,3.0,3.0,3.0,3.0,48.0,59.0,57.0,50.0,63.0,63.0,2.0,11.0,18.0,351.0,4.0,2.0,0.0,0.0,20230531,0.0,0.0,0.0,0.0,20230531,직영,3447.0,499.0,623840000.0,37.67936222,127.03836147,1132010800,서울시,19.8,17.4,도봉구,19.4,17.8,8.0,,
0,리치하우스,37,서울시 도봉구 도봉동,1132010800,596-12,서울시 도봉구 도봉로165길 8-5,37.677641,127.044225,8,0,7,7,277,59,4,(주)동국종합건설,HT001,37.84,29.91,79,1,1,8,계단식,,,,,,,,,,,,,,,,,,,,,,,,,,,,,,,,,,,,,,,,,,,,,,,,,,,,,,,,,,,,,,,,,,,,,,,,,,,,,,,,
0,삼안리치,43㎡,서울시 도봉구 도봉동,1132010800,570-10,서울시 도봉구 도봉로187길 17,37.685755,127.044824,11,0,5,3,240,59,8,(주)삼안종건,HT001,43.77,38.24,87,1,1,2,계단식,,,,,,,,,,,,,,,,,,,,,,,서울도봉초등학교,B100001743,서울특별시 도봉구 도봉동 산75번지 (새주소: 서울특별시 도봉구 무수울2길 66),혁신,단설,19660628,서울특별시교육청,http://dobong.sen.es.kr,20230531,16.0,17.6,184.0,167.0,20230531,5.0,25.0,3.0,3.0,3.0,3.0,3.0,3.0,48.0,59.0,57.0,50.0,63.0,63.0,2.0,11.0,18.0,351.0,4.0,2.0,0.0,0.0,20230531,0.0,0.0,0.0,0.0,20230531,직영,3447.0,499.0,623840000.0,37.67936222,127.03836147,1132010800,서울시,19.8,17.4,도봉구,19.4,17.8,17.0,,
1,삼안리치,46㎡,서울시 도봉구 도봉동,1132010800,570-10,서울시 도봉구 도봉로187길 17,37.685755,127.044824,11,0,5,3,240,59,8,(주)삼안종건,HT001,46.37,40.51,87,1,1,1,계단식,,,,,,,,,,,,,,,,,,,,,,,서울도봉초등학교,B100001743,서울특별시 도봉구 도봉동 산75번지 (새주소: 서울특별시 도봉구 무수울2길 66),혁신,단설,19660628,서울특별시교육청,http://dobong.sen.es.kr,20230531,16.0,17.6,184.0,167.0,20230531,5.0,25.0,3.0,3.0,3.0,3.0,3.0,3.0,48.0,59.0,57.0,50.0,63.0,63.0,2.0,11.0,18.0,351.0,4.0,2.0,0.0,0.0,20230531,0.0,0.0,0.0,0.0,20230531,직영,3447.0,499.0,623840000.0,37.67936222,127.03836147,1132010800,서울시,19.8,17.4,도봉구,19.4,17.8,17.0,,
2,삼안리치,63A㎡,서울시 도봉구 도봉동,1132010800,570-10,서울시 도봉구 도봉로187길 17,37.685755,127.044824,11,0,5,3,240,59,8,(주)삼안종건,HT001,63.2,55.22,87,2,1,1,계단식,,,,,,,,,,,,,,,,,,,,,,,서울도봉초등학교,B100001743,서울특별시 도봉구 도봉동 산75번지 (새주소: 서울특별시 도봉구 무수울2길 66),혁신,단설,19660628,서울특별시교육청,http://dobong.sen.es.kr,20230531,16.0,17.6,184.0,167.0,20230531,5.0,25.0,3.0,3.0,3.0,3.0,3.0,3.0,48.0,59.0,57.0,50.0,63.0,63.0,2.0,11.0,18.0,351.0,4.0,2.0,0.0,0.0,20230531,0.0,0.0,0.0,0.0,20230531,직영,3447.0,499.0,623840000.0,37.67936222,127.03836147,1132010800,서울시,19.8,17.4,도봉구,19.4,17.8,17.0,,
3,삼안리치,65B㎡,서울시 도봉구 도봉동,1132010800,570-10,서울시 도봉구 도봉로187길 17,37.685755,127.044824,11,0,5,3,240,59,8,(주)삼안종건,HT001,65.66,57.37,87,2,1,1,계단식,,,,,,,,,,,,,,,,,,,,,,,서울도봉초등학교,B100001743,서울특별시 도봉구 도봉동 산75번지 (새주소: 서울특별시 도봉구 무수울2길 66),혁신,단설,19660628,서울특별시교육청,http://dobong.sen.es.kr,20230531,16.0,17.6,184.0,167.0,20230531,5.0,25.0,3.0,3.0,3.0,3.0,3.0,3.0,48.0,59.0,57.0,50.0,63.0,63.0,2.0,11.0,18.0,351.0,4.0,2.0,0.0,0.0,20230531,0.0,0.0,0.0,0.0,20230531,직영,3447.0,499.0,623840000.0,37.67936222,127.03836147,1132010800,서울시,19.8,17.4,도봉구,19.4,17.8,17.0,,
4,삼안리치,65C㎡,서울시 도봉구 도봉동,1132010800,570-10,서울시 도봉구 도봉로187길 17,37.685755,127.044824,11,0,5,3,240,59,8,(주)삼안종건,HT001,65.93,57.6,87,2,1,1,계단식,,,,,,,,,,,,,,,,,,,,,,,서울도봉초등학교,B100001743,서울특별시 도봉구 도봉동 산75번지 (새주소: 서울특별시 도봉구 무수울2길 66),혁신,단설,19660628,서울특별시교육청,http://dobong.sen.es.kr,20230531,16.0,17.6,184.0,167.0,20230531,5.0,25.0,3.0,3.0,3.0,3.0,3.0,3.0,48.0,59.0,57.0,50.0,63.0,63.0,2.0,11.0,18.0,351.0,4.0,2.0,0.0,0.0,20230531,0.0,0.0,0.0,0.0,20230531,직영,3447.0,499.0,623840000.0,37.67936222,127.03836147,1132010800,서울시,19.8,17.4,도봉구,19.4,17.8,17.0,,
5,삼안리치,67㎡,서울시 도봉구 도봉동,1132010800,570-10,서울시 도봉구 도봉로187길 17,37.685755,127.044824,11,0,5,3,240,59,8,(주)삼안종건,HT001,67.48,58.96,87,3,1,2,계단식,,,,,,,,,,,,,,,,,,,,,,,서울도봉초등학교,B100001743,서울특별시 도봉구 도봉동 산75번지 (새주소: 서울특별시 도봉구 무수울2길 66),혁신,단설,19660628,서울특별시교육청,http://dobong.sen.es.kr,20230531,16.0,17.6,184.0,167.0,20230531,5.0,25.0,3.0,3.0,3.0,3.0,3.0,3.0,48.0,59.0,57.0,50.0,63.0,63.0,2.0,11.0,18.0,351.0,4.0,2.0,0.0,0.0,20230531,0.0,0.0,0.0,0.0,20230531,직영,3447.0,499.0,623840000.0,37.67936222,127.03836147,1132010800,서울시,19.8,17.4,도봉구,19.4,17.8,17.0,,
6,삼안리치,77㎡,서울시 도봉구 도봉동,1132010800,570-10,서울시 도봉구 도봉로187길 17,37.685755,127.044824,11,0,5,3,240,59,8,(주)삼안종건,HT001,77.08,67.34,87,3,1,1,계단식,,,,,,,,,,,,,,,,,,,,,,,서울도봉초등학교,B100001743,서울특별시 도봉구 도봉동 산75번지 (새주소: 서울특별시 도봉구 무수울2길 66),혁신,단설,19660628,서울특별시교육청,http://dobong.sen.es.kr,20230531,16.0,17.6,184.0,167.0,20230531,5.0,25.0,3.0,3.0,3.0,3.0,3.0,3.0,48.0,59.0,57.0,50.0,63.0,63.0,2.0,11.0,18.0,351.0,4.0,2.0,0.0,0.0,20230531,0.0,0.0,0.0,0.0,20230531,직영,3447.0,499.0,623840000.0,37.67936222,127.03836147,1132010800,서울시,19.8,17.4,도봉구,19.4,17.8,17.0,,
7,삼안리치,84㎡,서울시 도봉구 도봉동,1132010800,570-10,서울시 도봉구 도봉로187길 17,37.685755,127.044824,11,0,5,3,240,59,8,(주)삼안종건,HT001,84.98,74.25,87,3,2,1,계단식,,,,,,,,,,,,,,,,,,,,,,,서울도봉초등학교,B100001743,서울특별시 도봉구 도봉동 산75번지 (새주소: 서울특별시 도봉구 무수울2길 66),혁신,단설,19660628,서울특별시교육청,http://dobong.sen.es.kr,20230531,16.0,17.6,184.0,167.0,20230531,5.0,25.0,3.0,3.0,3.0,3.0,3.0,3.0,48.0,59.0,57.0,50.0,63.0,63.0,2.0,11.0,18.0,351.0,4.0,2.0,0.0,0.0,20230531,0.0,0.0,0.0,0.0,20230531,직영,3447.0,499.0,623840000.0,37.67936222,127.03836147,1132010800,서울시,19.8,17.4,도봉구,19.4,17.8,17.0,,
8,삼안리치,87,서울시 도봉구 도봉동,1132010800,570-10,서울시 도봉구 도봉로187길 17,37.685755,127.044824,11,0,5,3,240,59,8,(주)삼안종건,HT001,87.05,76.06,87,3,2,1,계단식,,,,,,,,,,,,,,,,,,,,,,,서울도봉초등학교,B100001743,서울특별시 도봉구 도봉동 산75번지 (새주소: 서울특별시 도봉구 무수울2길 66),혁신,단설,19660628,서울특별시교육청,http://dobong.sen.es.kr,20230531,16.0,17.6,184.0,167.0,20230531,5.0,25.0,3.0,3.0,3.0,3.0,3.0,3.0,48.0,59.0,57.0,50.0,63.0,63.0,2.0,11.0,18.0,351.0,4.0,2.0,0.0,0.0,20230531,0.0,0.0,0.0,0.0,20230531,직영,3447.0,499.0,623840000.0,37.67936222,127.03836147,1132010800,서울시,19.8,17.4,도봉구,19.4,17.8,17.0,,
0,서광,84B㎡,서울시 도봉구 도봉동,1132010800,643,서울시 도봉구 마들로 770,37.678204,127.049871,159,45,10,4,201,35,90,융창종합건설(주),HT001,84.72,59.58,70,3,2,28,계단식,,,,,,,,,211990,201635,"4억 4,000","4억 9,000",,,,,,,,,,,서울누원초등학교,B100001741,서울특별시 도봉구 도봉동 22-19번지 (마들로 859-44),공립,단설,19930720,서울특별시교육청,http://nuwon.sen.es.kr,20230531,20.4,19.6,354.0,391.0,20230531,14.0,43.0,6.0,7.0,5.0,5.0,6.0,7.0,116.0,137.0,115.0,116.0,122.0,131.0,2.0,8.0,36.0,745.0,3.0,2.0,0.0,0.0,20230531,16.0,255.0,0.0,0.0,20230531,직영,3417.0,1072.0,908448000.0,37.68673161,127.0496481,1132010800,서울시,19.8,17.4,도봉구,19.4,17.8,14.0,,
1,서광,84㎡,서울시 도봉구 도봉동,1132010800,643,서울시 도봉구 마들로 770,37.678204,127.049871,159,45,10,4,201,35,90,융창종합건설(주),HT001,84.23,59.25,70,3,2,6,계단식,,,,,,,,,210816,200518,,,,,,,,,,,,,서울누원초등학교,B100001741,서울특별시 도봉구 도봉동 22-19번지 (마들로 859-44),공립,단설,19930720,서울특별시교육청,http://nuwon.sen.es.kr,20230531,20.4,19.6,354.0,391.0,20230531,14.0,43.0,6.0,7.0,5.0,5.0,6.0,7.0,116.0,137.0,115.0,116.0,122.0,131.0,2.0,8.0,36.0,745.0,3.0,2.0,0.0,0.0,20230531,16.0,255.0,0.0,0.0,20230531,직영,3417.0,1072.0,908448000.0,37.68673161,127.0496481,1132010800,서울시,19.8,17.4,도봉구,19.4,17.8,14.0,,
2,서광,85A,서울시 도봉구 도봉동,1132010800,643,서울시 도봉구 마들로 770,37.678204,127.049871,159,45,10,4,201,35,90,융창종합건설(주),HT001,85.2,59.91,70,3,1,80,복합식,,,,,,,,,213164,202751,"4억 4,500","4억 8,000",,,,,,,,,,,서울누원초등학교,B100001741,서울특별시 도봉구 도봉동 22-19번지 (마들로 859-44),공립,단설,19930720,서울특별시교육청,http://nuwon.sen.es.kr,20230531,20.4,19.6,354.0,391.0,20230531,14.0,43.0,6.0,7.0,5.0,5.0,6.0,7.0,116.0,137.0,115.0,116.0,122.0,131.0,2.0,8.0,36.0,745.0,3.0,2.0,0.0,0.0,20230531,16.0,255.0,0.0,0.0,20230531,직영,3417.0,1072.0,908448000.0,37.68673161,127.0496481,1132010800,서울시,19.8,17.4,도봉구,19.4,17.8,14.0,,
0,서울가든,99,서울시 도봉구 도봉동,1132010800,555,서울시 도봉구 도봉산길 35,37.686868,127.041563,348,0,12,12,270,0,0,삼익건설(주),HT001,99.46,75.33,76,3,2,348,복도식,126900,367110,25380,214830,0,0,0,,204226,193532,"4억 2,000",5억,,,,,,,,,,,서울도봉초등학교,B100001743,서울특별시 도봉구 도봉동 산75번지 (새주소: 서울특별시 도봉구 무수울2길 66),혁신,단설,19660628,서울특별시교육청,http://dobong.sen.es.kr,20230531,16.0,17.6,184.0,167.0,20230531,5.0,25.0,3.0,3.0,3.0,3.0,3.0,3.0,48.0,59.0,57.0,50.0,63.0,63.0,2.0,11.0,18.0,351.0,4.0,2.0,0.0,0.0,20230531,0.0,0.0,0.0,0.0,20230531,직영,3447.0,499.0,623840000.0,37.67936222,127.03836147,1132010800,서울시,19.8,17.4,도봉구,19.4,17.8,20.0,,
0,서원,54A㎡,서울시 도봉구 도봉동,1132010800,641,서울시 도봉구 마들로 684-20,37.670869,127.047618,2450,734,18,5,246,20,2450,(주)삼익,HT005,54.58,40.02,73,1,1,143,복도식,,,,,,,,,189301,118943,"2억 8,000","2억 9,000",,,,,,,,,,,서울창도초등학교,B100001782,서울특별시 도봉구 방학동 722(방학로 88-1),공립,단설,19821007,서울특별시교육청,http://changdo.sen.es.kr,20230531,19.6,20.1,379.0,344.0,20230531,13.0,36.0,6.0,5.0,6.0,6.0,6.0,6.0,105.0,112.0,115.0,126.0,130.0,132.0,1.0,3.0,35.0,723.0,2.0,3.0,0.0,0.0,20230531,15.0,174.0,0.0,0.0,20230531,직영,3455.0,970.0,819265000.0,37.66358752,127.04902066,1132010600,서울시,19.8,17.4,도봉구,19.4,17.8,10.0,,
1,서원,54B㎡,서울시 도봉구 도봉동,1132010800,641,서울시 도봉구 마들로 684-20,37.670869,127.047618,2450,734,18,5,246,20,2450,(주)삼익,HT005,54.37,39.85,73,1,1,70,복도식,,,,,,,,,188497,118438,,,,,,,,,,,,,서울창도초등학교,B100001782,서울특별시 도봉구 방학동 722(방학로 88-1),공립,단설,19821007,서울특별시교육청,http://changdo.sen.es.kr,20230531,19.6,20.1,379.0,344.0,20230531,13.0,36.0,6.0,5.0,6.0,6.0,6.0,6.0,105.0,112.0,115.0,126.0,130.0,132.0,1.0,3.0,35.0,723.0,2.0,3.0,0.0,0.0,20230531,15.0,174.0,0.0,0.0,20230531,직영,3455.0,970.0,819265000.0,37.66358752,127.04902066,1132010600,서울시,19.8,17.4,도봉구,19.4,17.8,10.0,,
2,서원,66B㎡,서울시 도봉구 도봉동,1132010800,641,서울시 도봉구 마들로 684-20,37.670869,127.047618,2450,734,18,5,246,20,2450,(주)삼익,HT005,66.99,49.14,73,2,1,24,복도식,,,,,,,,,232441,146049,,,,,,,,,,,,,서울창도초등학교,B100001782,서울특별시 도봉구 방학동 722(방학로 88-1),공립,단설,19821007,서울특별시교육청,http://changdo.sen.es.kr,20230531,19.6,20.1,379.0,344.0,20230531,13.0,36.0,6.0,5.0,6.0,6.0,6.0,6.0,105.0,112.0,115.0,126.0,130.0,132.0,1.0,3.0,35.0,723.0,2.0,3.0,0.0,0.0,20230531,15.0,174.0,0.0,0.0,20230531,직영,3455.0,970.0,819265000.0,37.66358752,127.04902066,1132010600,서울시,19.8,17.4,도봉구,19.4,17.8,10.0,,
3,서원,66A1㎡,서울시 도봉구 도봉동,1132010800,641,서울시 도봉구 마들로 684-20,37.670869,127.047618,2450,734,18,5,246,20,2450,(주)삼익,HT005,66.89,49.07,73,2,1,4,복도식,,,,,,,,,232109,145841,,,,"1억 9,000",,,,,,,,,서울창도초등학교,B100001782,서울특별시 도봉구 방학동 722(방학로 88-1),공립,단설,19821007,서울특별시교육청,http://changdo.sen.es.kr,20230531,19.6,20.1,379.0,344.0,20230531,13.0,36.0,6.0,5.0,6.0,6.0,6.0,6.0,105.0,112.0,115.0,126.0,130.0,132.0,1.0,3.0,35.0,723.0,2.0,3.0,0.0,0.0,20230531,15.0,174.0,0.0,0.0,20230531,직영,3455.0,970.0,819265000.0,37.66358752,127.04902066,1132010600,서울시,19.8,17.4,도봉구,19.4,17.8,10.0,,
4,서원,67A㎡,서울시 도봉구 도봉동,1132010800,641,서울시 도봉구 마들로 684-20,37.670869,127.047618,2450,734,18,5,246,20,2450,(주)삼익,HT005,67.84,49.77,73,2,1,1295,복도식,,,,,,,,,235421,147921,"3억 1,500",5억,"1억 8,500","2억 2,000",,"2,000/70",,"2,000/70",,,,,서울창도초등학교,B100001782,서울특별시 도봉구 방학동 722(방학로 88-1),공립,단설,19821007,서울특별시교육청,http://changdo.sen.es.kr,20230531,19.6,20.1,379.0,344.0,20230531,13.0,36.0,6.0,5.0,6.0,6.0,6.0,6.0,105.0,112.0,115.0,126.0,130.0,132.0,1.0,3.0,35.0,723.0,2.0,3.0,0.0,0.0,20230531,15.0,174.0,0.0,0.0,20230531,직영,3455.0,970.0,819265000.0,37.66358752,127.04902066,1132010600,서울시,19.8,17.4,도봉구,19.4,17.8,10.0,,
5,서원,67C㎡,서울시 도봉구 도봉동,1132010800,641,서울시 도봉구 마들로 684-20,37.670869,127.047618,2450,734,18,5,246,20,2450,(주)삼익,HT005,67.84,49.77,73,2,1,4,복도식,,,,,,,,,235421,147921,"3억 5,000","3억 5,500",,"1억 9,000",,,,,,,,,서울창도초등학교,B100001782,서울특별시 도봉구 방학동 722(방학로 88-1),공립,단설,19821007,서울특별시교육청,http://changdo.sen.es.kr,20230531,19.6,20.1,379.0,344.0,20230531,13.0,36.0,6.0,5.0,6.0,6.0,6.0,6.0,105.0,112.0,115.0,126.0,130.0,132.0,1.0,3.0,35.0,723.0,2.0,3.0,0.0,0.0,20230531,15.0,174.0,0.0,0.0,20230531,직영,3455.0,970.0,819265000.0,37.66358752,127.04902066,1132010600,서울시,19.8,17.4,도봉구,19.4,17.8,10.0,,
6,서원,80C㎡,서울시 도봉구 도봉동,1132010800,641,서울시 도봉구 마들로 684-20,37.670869,127.047618,2450,734,18,5,246,20,2450,(주)삼익,HT005,80.12,58.79,73,2,1,6,복도식,,,,,,,,,278087,174730,,"5억 2,000",,"2억 3,000",,,,,,,,,서울창도초등학교,B100001782,서울특별시 도봉구 방학동 722(방학로 88-1),공립,단설,19821007,서울특별시교육청,http://changdo.sen.es.kr,20230531,19.6,20.1,379.0,344.0,20230531,13.0,36.0,6.0,5.0,6.0,6.0,6.0,6.0,105.0,112.0,115.0,126.0,130.0,132.0,1.0,3.0,35.0,723.0,2.0,3.0,0.0,0.0,20230531,15.0,174.0,0.0,0.0,20230531,직영,3455.0,970.0,819265000.0,37.66358752,127.04902066,1132010600,서울시,19.8,17.4,도봉구,19.4,17.8,10.0,,
7,서원,81B㎡,서울시 도봉구 도봉동,1132010800,641,서울시 도봉구 마들로 684-20,37.670869,127.047618,2450,734,18,5,246,20,2450,(주)삼익,HT005,81.13,59.51,73,2,1,99,복도식,,,,,,,,,281492,176869,"4억 5,500","5억 2,000",,,,,,,,,,,서울창도초등학교,B100001782,서울특별시 도봉구 방학동 722(방학로 88-1),공립,단설,19821007,서울특별시교육청,http://changdo.sen.es.kr,20230531,19.6,20.1,379.0,344.0,20230531,13.0,36.0,6.0,5.0,6.0,6.0,6.0,6.0,105.0,112.0,115.0,126.0,130.0,132.0,1.0,3.0,35.0,723.0,2.0,3.0,0.0,0.0,20230531,15.0,174.0,0.0,0.0,20230531,직영,3455.0,970.0,819265000.0,37.66358752,127.04902066,1132010600,서울시,19.8,17.4,도봉구,19.4,17.8,10.0,,
8,서원,81A,서울시 도봉구 도봉동,1132010800,641,서울시 도봉구 마들로 684-20,37.670869,127.047618,2450,734,18,5,246,20,2450,(주)삼익,HT005,81.47,59.76,73,2,1,71,복도식,,,,,,,,,282675,177613,5억,"6억 8,000","2억 1,000","2억 2,000",,,,,,,,,서울창도초등학교,B100001782,서울특별시 도봉구 방학동 722(방학로 88-1),공립,단설,19821007,서울특별시교육청,http://changdo.sen.es.kr,20230531,19.6,20.1,379.0,344.0,20230531,13.0,36.0,6.0,5.0,6.0,6.0,6.0,6.0,105.0,112.0,115.0,126.0,130.0,132.0,1.0,3.0,35.0,723.0,2.0,3.0,0.0,0.0,20230531,15.0,174.0,0.0,0.0,20230531,직영,3455.0,970.0,819265000.0,37.66358752,127.04902066,1132010600,서울시,19.8,17.4,도봉구,19.4,17.8,10.0,,
0,신도봉,76㎡,서울시 도봉구 도봉동,1132010800,588,서울시 도봉구 도봉로171길 30-5,37.6793,127.04159,49,0,5,4,159,33,36,창천종합건설(주),HT001,76.56,57.09,75,3,1,10,복도식,38400,141840,7680,95760,0,0,0,,,,,,,,,,,,,,,,서울도봉초등학교,B100001743,서울특별시 도봉구 도봉동 산75번지 (새주소: 서울특별시 도봉구 무수울2길 66),혁신,단설,19660628,서울특별시교육청,http://dobong.sen.es.kr,20230531,16.0,17.6,184.0,167.0,20230531,5.0,25.0,3.0,3.0,3.0,3.0,3.0,3.0,48.0,59.0,57.0,50.0,63.0,63.0,2.0,11.0,18.0,351.0,4.0,2.0,0.0,0.0,20230531,0.0,0.0,0.0,0.0,20230531,직영,3447.0,499.0,623840000.0,37.67936222,127.03836147,1132010800,서울시,19.8,17.4,도봉구,19.4,17.8,4.0,,
1,신도봉,78A㎡,서울시 도봉구 도봉동,1132010800,588,서울시 도봉구 도봉로171길 30-5,37.6793,127.04159,49,0,5,4,159,33,36,창천종합건설(주),HT001,78.13,58.44,75,3,1,9,복도식,42450,152370,8490,101430,0,0,0,,,,,,,,,,,,,,,,서울도봉초등학교,B100001743,서울특별시 도봉구 도봉동 산75번지 (새주소: 서울특별시 도봉구 무수울2길 66),혁신,단설,19660628,서울특별시교육청,http://dobong.sen.es.kr,20230531,16.0,17.6,184.0,167.0,20230531,5.0,25.0,3.0,3.0,3.0,3.0,3.0,3.0,48.0,59.0,57.0,50.0,63.0,63.0,2.0,11.0,18.0,351.0,4.0,2.0,0.0,0.0,20230531,0.0,0.0,0.0,0.0,20230531,직영,3447.0,499.0,623840000.0,37.67936222,127.03836147,1132010800,서울시,19.8,17.4,도봉구,19.4,17.8,4.0,,
2,신도봉,79B㎡,서울시 도봉구 도봉동,1132010800,588,서울시 도봉구 도봉로171길 30-5,37.6793,127.04159,49,0,5,4,159,33,36,창천종합건설(주),HT001,79.86,59.73,75,3,1,4,계단식,44700,158220,8940,104580,0,0,0,,,,,,,,,,,,,,,,서울도봉초등학교,B100001743,서울특별시 도봉구 도봉동 산75번지 (새주소: 서울특별시 도봉구 무수울2길 66),혁신,단설,19660628,서울특별시교육청,http://dobong.sen.es.kr,20230531,16.0,17.6,184.0,167.0,20230531,5.0,25.0,3.0,3.0,3.0,3.0,3.0,3.0,48.0,59.0,57.0,50.0,63.0,63.0,2.0,11.0,18.0,351.0,4.0,2.0,0.0,0.0,20230531,0.0,0.0,0.0,0.0,20230531,직영,3447.0,499.0,623840000.0,37.67936222,127.03836147,1132010800,서울시,19.8,17.4,도봉구,19.4,17.8,4.0,,
3,신도봉,81㎡,서울시 도봉구 도봉동,1132010800,588,서울시 도봉구 도봉로171길 30-5,37.6793,127.04159,49,0,5,4,159,33,36,창천종합건설(주),HT001,81.86,61.2,75,3,1,10,복도식,52800,179280,10560,115920,0,0,0,,,,,,,,,,,,,,,,서울도봉초등학교,B100001743,서울특별시 도봉구 도봉동 산75번지 (새주소: 서울특별시 도봉구 무수울2길 66),혁신,단설,19660628,서울특별시교육청,http://dobong.sen.es.kr,20230531,16.0,17.6,184.0,167.0,20230531,5.0,25.0,3.0,3.0,3.0,3.0,3.0,3.0,48.0,59.0,57.0,50.0,63.0,63.0,2.0,11.0,18.0,351.0,4.0,2.0,0.0,0.0,20230531,0.0,0.0,0.0,0.0,20230531,직영,3447.0,499.0,623840000.0,37.67936222,127.03836147,1132010800,서울시,19.8,17.4,도봉구,19.4,17.8,4.0,,
4,신도봉,86㎡,서울시 도봉구 도봉동,1132010800,588,서울시 도봉구 도봉로171길 30-5,37.6793,127.04159,49,0,5,4,159,33,36,창천종합건설(주),HT001,86,64.32,75,3,1,15,복도식,53700,181620,10740,117180,0,0,0,,,,,,,,,,,,,,,,서울도봉초등학교,B100001743,서울특별시 도봉구 도봉동 산75번지 (새주소: 서울특별시 도봉구 무수울2길 66),혁신,단설,19660628,서울특별시교육청,http://dobong.sen.es.kr,20230531,16.0,17.6,184.0,167.0,20230531,5.0,25.0,3.0,3.0,3.0,3.0,3.0,3.0,48.0,59.0,57.0,50.0,63.0,63.0,2.0,11.0,18.0,351.0,4.0,2.0,0.0,0.0,20230531,0.0,0.0,0.0,0.0,20230531,직영,3447.0,499.0,623840000.0,37.67936222,127.03836147,1132010800,서울시,19.8,17.4,도봉구,19.4,17.8,4.0,,
5,신도봉,151,서울시 도봉구 도봉동,1132010800,588,서울시 도봉구 도봉로171길 30-5,37.6793,127.04159,49,0,5,4,159,33,36,창천종합건설(주),HT001,151.9,113.58,75,4,2,1,복도식,94200,286920,18840,173880,0,0,0,,,,,,,,,,,,,,,,서울도봉초등학교,B100001743,서울특별시 도봉구 도봉동 산75번지 (새주소: 서울특별시 도봉구 무수울2길 66),혁신,단설,19660628,서울특별시교육청,http://dobong.sen.es.kr,20230531,16.0,17.6,184.0,167.0,20230531,5.0,25.0,3.0,3.0,3.0,3.0,3.0,3.0,48.0,59.0,57.0,50.0,63.0,63.0,2.0,11.0,18.0,351.0,4.0,2.0,0.0,0.0,20230531,0.0,0.0,0.0,0.0,20230531,직영,3447.0,499.0,623840000.0,37.67936222,127.03836147,1132010800,서울시,19.8,17.4,도봉구,19.4,17.8,4.0,,
0,양우내안애,106,서울시 도봉구 도봉동,1132010800,656,서울시 도봉구 도봉로180나길 20,37.683454,127.049543,147,0,15,10,223,23,172,양우건설(주),HT001,106.85,84.92,79,3,2,147,계단식,225000,553500,45000,283500,0,0,0,,,,,6억,,"4억 3,000",,,,,,,,,서울누원초등학교,B100001741,서울특별시 도봉구 도봉동 22-19번지 (마들로 859-44),공립,단설,19930720,서울특별시교육청,http://nuwon.sen.es.kr,20230531,20.4,19.6,354.0,391.0,20230531,14.0,43.0,6.0,7.0,5.0,5.0,6.0,7.0,116.0,137.0,115.0,116.0,122.0,131.0,2.0,8.0,36.0,745.0,3.0,2.0,0.0,0.0,20230531,16.0,255.0,0.0,0.0,20230531,직영,3417.0,1072.0,908448000.0,37.68673161,127.0496481,1132010800,서울시,19.8,17.4,도봉구,19.4,17.8,7.0,,
0,우영,70㎡,서울시 도봉구 도봉동,1132010800,556-18,서울시 도봉구 도봉산길 17,37.687191,127.043702,19,0,5,4,241,52,19,(주)광명종합건설,HT001,70.68,64.22,91,2,1,1,계단식,43800,155880,8760,103320,0,0,0,,,,,,,,,,,,,,,,서울도봉초등학교,B100001743,서울특별시 도봉구 도봉동 산75번지 (새주소: 서울특별시 도봉구 무수울2길 66),혁신,단설,19660628,서울특별시교육청,http://dobong.sen.es.kr,20230531,16.0,17.6,184.0,167.0,20230531,5.0,25.0,3.0,3.0,3.0,3.0,3.0,3.0,48.0,59.0,57.0,50.0,63.0,63.0,2.0,11.0,18.0,351.0,4.0,2.0,0.0,0.0,20230531,0.0,0.0,0.0,0.0,20230531,직영,3447.0,499.0,623840000.0,37.67936222,127.03836147,1132010800,서울시,19.8,17.4,도봉구,19.4,17.8,20.0,,
1,우영,78㎡,서울시 도봉구 도봉동,1132010800,556-18,서울시 도봉구 도봉산길 17,37.687191,127.043702,19,0,5,4,241,52,19,(주)광명종합건설,HT001,78.44,71.27,91,3,2,17,계단식,51900,176940,10380,114660,0,0,0,,,,,,,,,,,,,,,,서울도봉초등학교,B100001743,서울특별시 도봉구 도봉동 산75번지 (새주소: 서울특별시 도봉구 무수울2길 66),혁신,단설,19660628,서울특별시교육청,http://dobong.sen.es.kr,20230531,16.0,17.6,184.0,167.0,20230531,5.0,25.0,3.0,3.0,3.0,3.0,3.0,3.0,48.0,59.0,57.0,50.0,63.0,63.0,2.0,11.0,18.0,351.0,4.0,2.0,0.0,0.0,20230531,0.0,0.0,0.0,0.0,20230531,직영,3447.0,499.0,623840000.0,37.67936222,127.03836147,1132010800,서울시,19.8,17.4,도봉구,19.4,17.8,20.0,,
2,우영,128,서울시 도봉구 도봉동,1132010800,556-18,서울시 도봉구 도봉산길 17,37.687191,127.043702,19,0,5,4,241,52,19,(주)광명종합건설,HT001,128.79,117.02,91,3,2,1,계단식,91950,281070,18390,170730,0,0,0,,,,,,,,,,,,,,,,서울도봉초등학교,B100001743,서울특별시 도봉구 도봉동 산75번지 (새주소: 서울특별시 도봉구 무수울2길 66),혁신,단설,19660628,서울특별시교육청,http://dobong.sen.es.kr,20230531,16.0,17.6,184.0,167.0,20230531,5.0,25.0,3.0,3.0,3.0,3.0,3.0,3.0,48.0,59.0,57.0,50.0,63.0,63.0,2.0,11.0,18.0,351.0,4.0,2.0,0.0,0.0,20230531,0.0,0.0,0.0,0.0,20230531,직영,3447.0,499.0,623840000.0,37.67936222,127.03836147,1132010800,서울시,19.8,17.4,도봉구,19.4,17.8,20.0,,
0,중흥S-클래스,100㎡,서울시 도봉구 도봉동,1132010800,51-12,서울시 도봉구 도봉로180가길 32,37.684766,127.046794,141,0,14,11,249,27,161,합자회사중흥주택,HT001,100.74,81.44,81,3,2,11,계단식,215100,534690,43020,276570,0,0,0,,,,,"6억 5,000",,,,,,,,,,,서울누원초등학교,B100001741,서울특별시 도봉구 도봉동 22-19번지 (마들로 859-44),공립,단설,19930720,서울특별시교육청,http://nuwon.sen.es.kr,20230531,20.4,19.6,354.0,391.0,20230531,14.0,43.0,6.0,7.0,5.0,5.0,6.0,7.0,116.0,137.0,115.0,116.0,122.0,131.0,2.0,8.0,36.0,745.0,3.0,2.0,0.0,0.0,20230531,16.0,255.0,0.0,0.0,20230531,직영,3417.0,1072.0,908448000.0,37.68673161,127.0496481,1132010800,서울시,19.8,17.4,도봉구,19.4,17.8,6.0,,
1,중흥S-클래스,105B㎡,서울시 도봉구 도봉동,1132010800,51-12,서울시 도봉구 도봉로180가길 32,37.684766,127.046794,141,0,14,11,249,27,161,합자회사중흥주택,HT001,105.83,84.99,80,3,2,12,계단식,234900,572310,46980,290430,0,0,0,,,,,,,,,,,,,,,,서울누원초등학교,B100001741,서울특별시 도봉구 도봉동 22-19번지 (마들로 859-44),공립,단설,19930720,서울특별시교육청,http://nuwon.sen.es.kr,20230531,20.4,19.6,354.0,391.0,20230531,14.0,43.0,6.0,7.0,5.0,5.0,6.0,7.0,116.0,137.0,115.0,116.0,122.0,131.0,2.0,8.0,36.0,745.0,3.0,2.0,0.0,0.0,20230531,16.0,255.0,0.0,0.0,20230531,직영,3417.0,1072.0,908448000.0,37.68673161,127.0496481,1132010800,서울시,19.8,17.4,도봉구,19.4,17.8,6.0,,
2,중흥S-클래스,105D㎡,서울시 도봉구 도봉동,1132010800,51-12,서울시 도봉구 도봉로180가길 32,37.684766,127.046794,141,0,14,11,249,27,161,합자회사중흥주택,HT001,105.87,84.98,80,3,2,12,계단식,244800,591120,48960,297360,0,0,0,,,,6억,"6억 8,000",,,,,,,,,,,서울누원초등학교,B100001741,서울특별시 도봉구 도봉동 22-19번지 (마들로 859-44),공립,단설,19930720,서울특별시교육청,http://nuwon.sen.es.kr,20230531,20.4,19.6,354.0,391.0,20230531,14.0,43.0,6.0,7.0,5.0,5.0,6.0,7.0,116.0,137.0,115.0,116.0,122.0,131.0,2.0,8.0,36.0,745.0,3.0,2.0,0.0,0.0,20230531,16.0,255.0,0.0,0.0,20230531,직영,3417.0,1072.0,908448000.0,37.68673161,127.0496481,1132010800,서울시,19.8,17.4,도봉구,19.4,17.8,6.0,,
3,중흥S-클래스,105E㎡,서울시 도봉구 도봉동,1132010800,51-12,서울시 도봉구 도봉로180가길 32,37.684766,127.046794,141,0,14,11,249,27,161,합자회사중흥주택,HT001,105.83,84.97,80,3,2,12,계단식,234900,572310,46980,290430,0,0,0,,,,,"6억 2,000",,"3억 3,000",,,,,,,,,서울누원초등학교,B100001741,서울특별시 도봉구 도봉동 22-19번지 (마들로 859-44),공립,단설,19930720,서울특별시교육청,http://nuwon.sen.es.kr,20230531,20.4,19.6,354.0,391.0,20230531,14.0,43.0,6.0,7.0,5.0,5.0,6.0,7.0,116.0,137.0,115.0,116.0,122.0,131.0,2.0,8.0,36.0,745.0,3.0,2.0,0.0,0.0,20230531,16.0,255.0,0.0,0.0,20230531,직영,3417.0,1072.0,908448000.0,37.68673161,127.0496481,1132010800,서울시,19.8,17.4,도봉구,19.4,17.8,6.0,,
4,중흥S-클래스,105C㎡,서울시 도봉구 도봉동,1132010800,51-12,서울시 도봉구 도봉로180가길 32,37.684766,127.046794,141,0,14,11,249,27,161,합자회사중흥주택,HT001,105.83,84.99,80,3,2,11,계단식,234900,572310,46980,290430,0,0,0,,,,,,,,,,,,,,,,서울누원초등학교,B100001741,서울특별시 도봉구 도봉동 22-19번지 (마들로 859-44),공립,단설,19930720,서울특별시교육청,http://nuwon.sen.es.kr,20230531,20.4,19.6,354.0,391.0,20230531,14.0,43.0,6.0,7.0,5.0,5.0,6.0,7.0,116.0,137.0,115.0,116.0,122.0,131.0,2.0,8.0,36.0,745.0,3.0,2.0,0.0,0.0,20230531,16.0,255.0,0.0,0.0,20230531,직영,3417.0,1072.0,908448000.0,37.68673161,127.0496481,1132010800,서울시,19.8,17.4,도봉구,19.4,17.8,6.0,,
5,중흥S-클래스,106A,서울시 도봉구 도봉동,1132010800,51-12,서울시 도봉구 도봉로180가길 32,37.684766,127.046794,141,0,14,11,249,27,161,합자회사중흥주택,HT001,106.02,84.95,80,3,2,83,계단식,244800,591120,48960,297360,0,0,0,,,,"5억 8,000",7억,,,,,,,,,,,서울누원초등학교,B100001741,서울특별시 도봉구 도봉동 22-19번지 (마들로 859-44),공립,단설,19930720,서울특별시교육청,http://nuwon.sen.es.kr,20230531,20.4,19.6,354.0,391.0,20230531,14.0,43.0,6.0,7.0,5.0,5.0,6.0,7.0,116.0,137.0,115.0,116.0,122.0,131.0,2.0,8.0,36.0,745.0,3.0,2.0,0.0,0.0,20230531,16.0,255.0,0.0,0.0,20230531,직영,3417.0,1072.0,908448000.0,37.68673161,127.0496481,1132010800,서울시,19.8,17.4,도봉구,19.4,17.8,6.0,,
0,포레라스(주상복합),45A㎡,서울시 도봉구 도봉동,1132010800,600-20,서울시 도봉구 도봉로163길 8-10,37.676559,127.044075,11,0,7,7,297,56,8,혜성종합건설(주),HT001,45.16,40.06,89,2,1,1,계단식,,,,,,,,,,,,,,,,,,,,,,,서울도봉초등학교,B100001743,서울특별시 도봉구 도봉동 산75번지 (새주소: 서울특별시 도봉구 무수울2길 66),혁신,단설,19660628,서울특별시교육청,http://dobong.sen.es.kr,20230531,16.0,17.6,184.0,167.0,20230531,5.0,25.0,3.0,3.0,3.0,3.0,3.0,3.0,48.0,59.0,57.0,50.0,63.0,63.0,2.0,11.0,18.0,351.0,4.0,2.0,0.0,0.0,20230531,0.0,0.0,0.0,0.0,20230531,직영,3447.0,499.0,623840000.0,37.67936222,127.03836147,1132010800,서울시,19.8,17.4,도봉구,19.4,17.8,9.0,,
1,포레라스(주상복합),47B㎡,서울시 도봉구 도봉동,1132010800,600-20,서울시 도봉구 도봉로163길 8-10,37.676559,127.044075,11,0,7,7,297,56,8,혜성종합건설(주),HT001,47.23,41.9,89,2,1,1,계단식,,,,,,,,,,,,,,,,,,,,,,,서울도봉초등학교,B100001743,서울특별시 도봉구 도봉동 산75번지 (새주소: 서울특별시 도봉구 무수울2길 66),혁신,단설,19660628,서울특별시교육청,http://dobong.sen.es.kr,20230531,16.0,17.6,184.0,167.0,20230531,5.0,25.0,3.0,3.0,3.0,3.0,3.0,3.0,48.0,59.0,57.0,50.0,63.0,63.0,2.0,11.0,18.0,351.0,4.0,2.0,0.0,0.0,20230531,0.0,0.0,0.0,0.0,20230531,직영,3447.0,499.0,623840000.0,37.67936222,127.03836147,1132010800,서울시,19.8,17.4,도봉구,19.4,17.8,9.0,,
2,포레라스(주상복합),48㎡,서울시 도봉구 도봉동,1132010800,600-20,서울시 도봉구 도봉로163길 8-10,37.676559,127.044075,11,0,7,7,297,56,8,혜성종합건설(주),HT001,48.09,42.67,89,2,1,2,계단식,,,,,,,,,,,,,,,,,,,,,,,서울도봉초등학교,B100001743,서울특별시 도봉구 도봉동 산75번지 (새주소: 서울특별시 도봉구 무수울2길 66),혁신,단설,19660628,서울특별시교육청,http://dobong.sen.es.kr,20230531,16.0,17.6,184.0,167.0,20230531,5.0,25.0,3.0,3.0,3.0,3.0,3.0,3.0,48.0,59.0,57.0,50.0,63.0,63.0,2.0,11.0,18.0,351.0,4.0,2.0,0.0,0.0,20230531,0.0,0.0,0.0,0.0,20230531,직영,3447.0,499.0,623840000.0,37.67936222,127.03836147,1132010800,서울시,19.8,17.4,도봉구,19.4,17.8,9.0,,
3,포레라스(주상복합),52㎡,서울시 도봉구 도봉동,1132010800,600-20,서울시 도봉구 도봉로163길 8-10,37.676559,127.044075,11,0,7,7,297,56,8,혜성종합건설(주),HT001,52.21,46.32,89,2,1,1,계단식,,,,,,,,,,,,,,,,,,,,,,,서울도봉초등학교,B100001743,서울특별시 도봉구 도봉동 산75번지 (새주소: 서울특별시 도봉구 무수울2길 66),혁신,단설,19660628,서울특별시교육청,http://dobong.sen.es.kr,20230531,16.0,17.6,184.0,167.0,20230531,5.0,25.0,3.0,3.0,3.0,3.0,3.0,3.0,48.0,59.0,57.0,50.0,63.0,63.0,2.0,11.0,18.0,351.0,4.0,2.0,0.0,0.0,20230531,0.0,0.0,0.0,0.0,20230531,직영,3447.0,499.0,623840000.0,37.67936222,127.03836147,1132010800,서울시,19.8,17.4,도봉구,19.4,17.8,9.0,,
4,포레라스(주상복합),54㎡,서울시 도봉구 도봉동,1132010800,600-20,서울시 도봉구 도봉로163길 8-10,37.676559,127.044075,11,0,7,7,297,56,8,혜성종합건설(주),HT001,54.63,48.47,89,2,1,2,계단식,,,,,,,,,,,,,,,,,,,,,,,서울도봉초등학교,B100001743,서울특별시 도봉구 도봉동 산75번지 (새주소: 서울특별시 도봉구 무수울2길 66),혁신,단설,19660628,서울특별시교육청,http://dobong.sen.es.kr,20230531,16.0,17.6,184.0,167.0,20230531,5.0,25.0,3.0,3.0,3.0,3.0,3.0,3.0,48.0,59.0,57.0,50.0,63.0,63.0,2.0,11.0,18.0,351.0,4.0,2.0,0.0,0.0,20230531,0.0,0.0,0.0,0.0,20230531,직영,3447.0,499.0,623840000.0,37.67936222,127.03836147,1132010800,서울시,19.8,17.4,도봉구,19.4,17.8,9.0,,
5,포레라스(주상복합),64㎡,서울시 도봉구 도봉동,1132010800,600-20,서울시 도봉구 도봉로163길 8-10,37.676559,127.044075,11,0,7,7,297,56,8,혜성종합건설(주),HT001,64.14,56.91,89,3,2,2,계단식,,,,,,,,,,,,,,,,,,,,,,,서울도봉초등학교,B100001743,서울특별시 도봉구 도봉동 산75번지 (새주소: 서울특별시 도봉구 무수울2길 66),혁신,단설,19660628,서울특별시교육청,http://dobong.sen.es.kr,20230531,16.0,17.6,184.0,167.0,20230531,5.0,25.0,3.0,3.0,3.0,3.0,3.0,3.0,48.0,59.0,57.0,50.0,63.0,63.0,2.0,11.0,18.0,351.0,4.0,2.0,0.0,0.0,20230531,0.0,0.0,0.0,0.0,20230531,직영,3447.0,499.0,623840000.0,37.67936222,127.03836147,1132010800,서울시,19.8,17.4,도봉구,19.4,17.8,9.0,,
6,포레라스(주상복합),67,서울시 도봉구 도봉동,1132010800,600-20,서울시 도봉구 도봉로163길 8-10,37.676559,127.044075,11,0,7,7,297,56,8,혜성종합건설(주),HT001,67.59,59.97,89,3,2,2,계단식,,,,,,,,,,,,,,,,,,,,,,,서울도봉초등학교,B100001743,서울특별시 도봉구 도봉동 산75번지 (새주소: 서울특별시 도봉구 무수울2길 66),혁신,단설,19660628,서울특별시교육청,http://dobong.sen.es.kr,20230531,16.0,17.6,184.0,167.0,20230531,5.0,25.0,3.0,3.0,3.0,3.0,3.0,3.0,48.0,59.0,57.0,50.0,63.0,63.0,2.0,11.0,18.0,351.0,4.0,2.0,0.0,0.0,20230531,0.0,0.0,0.0,0.0,20230531,직영,3447.0,499.0,623840000.0,37.67936222,127.03836147,1132010800,서울시,19.8,17.4,도봉구,19.4,17.8,9.0,,
0,현대성우,81A㎡,서울시 도봉구 도봉동,1132010800,642,서울시 도봉구 마들로 735-8,37.67623,127.0478,190,0,18,18,391,32,228,(주)성우종합건설,HT001,81.74,59.04,72,2,1,51,계단식,103650,311490,20730,187110,0,0,0,,177383,171363,"4억 3,000",5억,"2억 3,000","2억 4,000",,,,,,,,,서울창도초등학교,B100001782,서울특별시 도봉구 방학동 722(방학로 88-1),공립,단설,19821007,서울특별시교육청,http://changdo.sen.es.kr,20230531,19.6,20.1,379.0,344.0,20230531,13.0,36.0,6.0,5.0,6.0,6.0,6.0,6.0,105.0,112.0,115.0,126.0,130.0,132.0,1.0,3.0,35.0,723.0,2.0,3.0,0.0,0.0,20230531,15.0,174.0,0.0,0.0,20230531,직영,3455.0,970.0,819265000.0,37.66358752,127.04902066,1132010600,서울시,19.8,17.4,도봉구,19.4,17.8,23.0,,
1,현대성우,82B㎡,서울시 도봉구 도봉동,1132010800,642,서울시 도봉구 마들로 735-8,37.67623,127.0478,190,0,18,18,391,32,228,(주)성우종합건설,HT001,82.96,59.92,72,2,1,35,계단식,103650,311490,20730,187110,0,0,0,,180027,173917,"4억 5,000","4억 7,000",,2억,,,,,,,,,서울창도초등학교,B100001782,서울특별시 도봉구 방학동 722(방학로 88-1),공립,단설,19821007,서울특별시교육청,http://changdo.sen.es.kr,20230531,19.6,20.1,379.0,344.0,20230531,13.0,36.0,6.0,5.0,6.0,6.0,6.0,6.0,105.0,112.0,115.0,126.0,130.0,132.0,1.0,3.0,35.0,723.0,2.0,3.0,0.0,0.0,20230531,15.0,174.0,0.0,0.0,20230531,직영,3455.0,970.0,819265000.0,37.66358752,127.04902066,1132010600,서울시,19.8,17.4,도봉구,19.4,17.8,23.0,,
2,현대성우,113㎡,서울시 도봉구 도봉동,1132010800,642,서울시 도봉구 마들로 735-8,37.67623,127.0478,190,0,18,18,391,32,228,(주)성우종합건설,HT001,113.01,84.39,75,3,2,68,계단식,139500,391050,27900,223650,0,0,0,,253545,244941,,"5억 5,000",,,,,,,,,,,서울창도초등학교,B100001782,서울특별시 도봉구 방학동 722(방학로 88-1),공립,단설,19821007,서울특별시교육청,http://changdo.sen.es.kr,20230531,19.6,20.1,379.0,344.0,20230531,13.0,36.0,6.0,5.0,6.0,6.0,6.0,6.0,105.0,112.0,115.0,126.0,130.0,132.0,1.0,3.0,35.0,723.0,2.0,3.0,0.0,0.0,20230531,15.0,174.0,0.0,0.0,20230531,직영,3455.0,970.0,819265000.0,37.66358752,127.04902066,1132010600,서울시,19.8,17.4,도봉구,19.4,17.8,23.0,,
3,현대성우,146,서울시 도봉구 도봉동,1132010800,642,서울시 도봉구 마들로 735-8,37.67623,127.0478,190,0,18,18,391,32,228,(주)성우종합건설,HT001,146.74,114.79,78,4,2,36,계단식,175500,459450,35100,248850,0,0,0,,344881,333177,"6억 4,000","6억 8,000",,5억,,,,,,,,,서울창도초등학교,B100001782,서울특별시 도봉구 방학동 722(방학로 88-1),공립,단설,19821007,서울특별시교육청,http://changdo.sen.es.kr,20230531,19.6,20.1,379.0,344.0,20230531,13.0,36.0,6.0,5.0,6.0,6.0,6.0,6.0,105.0,112.0,115.0,126.0,130.0,132.0,1.0,3.0,35.0,723.0,2.0,3.0,0.0,0.0,20230531,15.0,174.0,0.0,0.0,20230531,직영,3455.0,970.0,819265000.0,37.66358752,127.04902066,1132010600,서울시,19.8,17.4,도봉구,19.4,17.8,23.0,,
