,아파트명,면적,법정동주소,b_code,지번주소,도로명주소,latitude,longitude,세대수,임대세대수,최고층,최저층,용적률,건폐율,주차대수,건설사,난방,공급면적,전용면적,전용율,방수,욕실수,해당면적_세대수,현관구조,재산세,재산세합계,지방교육세,재산세_도시지역분,종합부동산세,결정세액,농어촌특별세,가격,겨울관리비,여름관리비,최소_매매호가,최대_매매호가,최소_전세호가,최대_전세호가,최소_월세호가,최대_월세호가,최소_실거래가,최대_실거래가,학교명,학교코드,학교주소,학교유형,설립유형,설립일자,교육청,홈페이지,학생_통계_기준일,교사당_학생_수,교실당_학생_수,남학생_수,여학생_수,교직원_통계_기준일,남교사_수,여교사_수,1학년_교실_수,2학년_교실_수,3학년_교실_수,4학년_교실_수,5학년_교실_수,6학년_교실_수,1학년_학생_수,2학년_학생_수,3학년_학생_수,4학년_학생_수,5학년_학생_수,6학년_학생_수,특수_교실_수,특수_교실_학생_수,총_교실_수,총_학생_수,남성_교직원_수,여성_교직원_수,내담자_상담사_수,외부_상담사_수,방과후_교실_통계_기준일,방과후 프로그램 수,방과후_학생_수,도서관_도서_수,학생_당_도서_수,급식_서비스_통계_기준일,급식_서비스_운영_방식,급식_서비스_학생당_가격,급식_서비스_지원_학생_수,급식_서비스_연간_지원_금액,학교_위도,학교_경도,행정동_코드,시도명,평균_교실_당_학생_수(시도),평균_교사_당_학생_수(시도),구군명,평균_교실_당_학생_수(구군),평균_교사_당_학생_수(구군),도보_이동_시간(분),6학년 학생 수,방과후_학생 _수,남교사 수
0,LH서초5단지,81A㎡,서울시 서초구 우면동,1165010300,789,서울시 서초구 양재대로2길 11,37.45932,127.025146,358,0,25,13,250,23,419,울트라건설(주) 외1,HT001,81.97,59.93,73,3,2,66,계단식,439420,955070,87880,427770,0,0,0,,181981,181225,9억,"10억 5,000",,6억,,,,,서울우솔초등학교,B100005830,서울특별시 서초구 우면동 554-1,공립,단설,20130301,서울특별시교육청,http://woosol.sen.es.kr,20230531,20.3,20.7,331,248,20230531,2,42,4,4,4,4,5,5,80,82,78,100,111,,2,8,26,579,2,3,0,0,20230531,26,,0,0.0,20230531,직영,3611,875,680116000,37.45698082,127.0196098,1165010300,서울시,19.8,17.4,서초구,23.0,20.9,9,120.0,269.0,
1,LH서초5단지,82B㎡,서울시 서초구 우면동,1165010300,789,서울시 서초구 양재대로2길 11,37.45932,127.025146,358,0,25,13,250,23,419,울트라건설(주) 외1,HT001,82.05,59.99,73,3,2,21,계단식,439420,955070,87880,427770,0,0,0,,182163,181406,,9억,,,,,,,서울우솔초등학교,B100005830,서울특별시 서초구 우면동 554-1,공립,단설,20130301,서울특별시교육청,http://woosol.sen.es.kr,20230531,20.3,20.7,331,248,20230531,2,42,4,4,4,4,5,5,80,82,78,100,111,,2,8,26,579,2,3,0,0,20230531,26,,0,0.0,20230531,직영,3611,875,680116000,37.45698082,127.0196098,1165010300,서울시,19.8,17.4,서초구,23.0,20.9,9,120.0,269.0,
2,LH서초5단지,82BN㎡,서울시 서초구 우면동,1165010300,789,서울시 서초구 양재대로2길 11,37.45932,127.025146,358,0,25,13,250,23,419,울트라건설(주) 외1,HT001,82.05,59.99,73,3,2,21,계단식,439420,955070,87880,427770,0,0,0,,182163,181406,9억,"9억 5,000",,,,,,,서울우솔초등학교,B100005830,서울특별시 서초구 우면동 554-1,공립,단설,20130301,서울특별시교육청,http://woosol.sen.es.kr,20230531,20.3,20.7,331,248,20230531,2,42,4,4,4,4,5,5,80,82,78,100,111,,2,8,26,579,2,3,0,0,20230531,26,,0,0.0,20230531,직영,3611,875,680116000,37.45698082,127.0196098,1165010300,서울시,19.8,17.4,서초구,23.0,20.9,9,120.0,269.0,
3,LH서초5단지,116A㎡,서울시 서초구 우면동,1165010300,789,서울시 서초구 양재대로2길 11,37.45932,127.025146,358,0,25,13,250,23,419,울트라건설(주) 외1,HT001,116.19,84.95,73,3,2,150,계단식,1164600,2025630,232920,628110,0,0,0,,257955,256883,"11억 5,000","13억 5,000",,"7억 5,000",,4억/150,,4억/150,서울우솔초등학교,B100005830,서울특별시 서초구 우면동 554-1,공립,단설,20130301,서울특별시교육청,http://woosol.sen.es.kr,20230531,20.3,20.7,331,248,20230531,2,42,4,4,4,4,5,5,80,82,78,100,111,,2,8,26,579,2,3,0,0,20230531,26,,0,0.0,20230531,직영,3611,875,680116000,37.45698082,127.0196098,1165010300,서울시,19.8,17.4,서초구,23.0,20.9,9,120.0,269.0,
4,LH서초5단지,116B㎡,서울시 서초구 우면동,1165010300,789,서울시 서초구 양재대로2길 11,37.45932,127.025146,358,0,25,13,250,23,419,울트라건설(주) 외1,HT001,116.25,84.99,73,3,2,75,계단식,1164600,2025630,232920,628110,0,0,0,,258077,257004,"11억 8,000",14억,,"7억 5,000",,,,,서울우솔초등학교,B100005830,서울특별시 서초구 우면동 554-1,공립,단설,20130301,서울특별시교육청,http://woosol.sen.es.kr,20230531,20.3,20.7,331,248,20230531,2,42,4,4,4,4,5,5,80,82,78,100,111,,2,8,26,579,2,3,0,0,20230531,26,,0,0.0,20230531,직영,3611,875,680116000,37.45698082,127.0196098,1165010300,서울시,19.8,17.4,서초구,23.0,20.9,9,120.0,269.0,
5,LH서초5단지,116BN,서울시 서초구 우면동,1165010300,789,서울시 서초구 양재대로2길 11,37.45932,127.025146,358,0,25,13,250,23,419,울트라건설(주) 외1,HT001,116.25,84.99,73,3,2,25,계단식,1164600,2025630,232920,628110,0,0,0,,258077,257004,"11억 8,000","12억 5,000",,,,,,,서울우솔초등학교,B100005830,서울특별시 서초구 우면동 554-1,공립,단설,20130301,서울특별시교육청,http://woosol.sen.es.kr,20230531,20.3,20.7,331,248,20230531,2,42,4,4,4,4,5,5,80,82,78,100,111,,2,8,26,579,2,3,0,0,20230531,26,,0,0.0,20230531,직영,3611,875,680116000,37.45698082,127.0196098,1165010300,서울시,19.8,17.4,서초구,23.0,20.9,9,120.0,269.0,
0,대림,155,서울시 서초구 우면동,1165010300,57,서울시 서초구 바우뫼로7길 51,37.473128,127.023475,412,0,15,14,225,19,653,대림산업,HT002,155.59,130.89,84,4,2,412,계단식,1461600,2485980,292320,732060,0,0,0,,634980,363215,"15억 5,000",20억,"7억 7,000",10억,5억/160,"8억 5,000/20",5억/160,"8억 5,000/20",서울우암초등학교,B100000778,서울특별시 서초구 우면동 58번지,공립,병설,19940805,서울특별시교육청,http://wooam.sen.es.kr,20230531,15.4,16.8,137,115,20230531,2,22,3,2,2,2,2,2,47,41,37,39,41,,2,8,13,252,0,3,0,0,20230531,9,,0,0.0,20230531,직영,3480,374,422272000,37.47194976,127.02449962,1165010300,서울시,19.8,17.4,서초구,23.0,20.9,1,39.0,115.0,
0,동고,96㎡,서울시 서초구 우면동,1165010300,59,서울시 서초구 바우뫼로7길 29,37.471401,127.023757,330,0,15,12,216,17,281,(주)동양고속건설,HT001,96.98,77.14,80,3,1,198,계단식,601650,1214640,120330,492660,0,0,0,,244759,250617,"12억 5,000","14억 5,000","5억 3,000","6억 5,000",,4억/60,,4억/60,서울우암초등학교,B100000778,서울특별시 서초구 우면동 58번지,공립,병설,19940805,서울특별시교육청,http://wooam.sen.es.kr,20230531,15.4,16.8,137,115,20230531,2,22,3,2,2,2,2,2,47,41,37,39,41,,2,8,13,252,0,3,0,0,20230531,9,,0,0.0,20230531,직영,3480,374,422272000,37.47194976,127.02449962,1165010300,서울시,19.8,17.4,서초구,23.0,20.9,1,39.0,115.0,
1,동고,105,서울시 서초구 우면동,1165010300,59,서울시 서초구 바우뫼로7길 29,37.471401,127.023757,330,0,15,12,216,17,281,(주)동양고속건설,HT001,105.47,84.96,81,3,2,132,계단식,711900,1391040,142380,536760,0,0,0,,269571,276023,"12억 5,000","14억 5,000",,,,5억/50,,5억/50,서울우암초등학교,B100000778,서울특별시 서초구 우면동 58번지,공립,병설,19940805,서울특별시교육청,http://wooam.sen.es.kr,20230531,15.4,16.8,137,115,20230531,2,22,3,2,2,2,2,2,47,41,37,39,41,,2,8,13,252,0,3,0,0,20230531,9,,0,0.0,20230531,직영,3480,374,422272000,37.47194976,127.02449962,1165010300,서울시,19.8,17.4,서초구,23.0,20.9,1,39.0,115.0,
0,서초LH4단지,71㎡,서울시 서초구 우면동,1165010300,788,서울시 서초구 양재대로2길 33,37.458206,127.023515,424,0,25,21,216,21,467,울트라건설(주),HT001,71.15,51.89,73,2,1,106,계단식,405900,897210,81180,410130,0,0,0,,,,"9억 3,000",10억,"4억 8,000","5억 5,000",1억/160,4억/50,1억/160,4억/50,,,,,,,,,,,,,,,,,,,,,,,,,,,,,,,,,,,,,,,,,,,,,,,,,,,,,,,,,,,
1,서초LH4단지,82A㎡,서울시 서초구 우면동,1165010300,788,서울시 서초구 양재대로2길 33,37.458206,127.023515,424,0,25,21,216,21,467,울트라건설(주),HT001,82.17,59.93,73,3,2,96,계단식,557550,1144080,111510,475020,0,0,0,,,,"10억 5,000","12억 5,000",6억,"6억 5,000",2억/160,4억/80,2억/160,4억/80,,,,,,,,,,,,,,,,,,,,,,,,,,,,,,,,,,,,,,,,,,,,,,,,,,,,,,,,,,,
2,서초LH4단지,102㎡,서울시 서초구 우면동,1165010300,788,서울시 서초구 양재대로2길 33,37.458206,127.023515,424,0,25,21,216,21,467,울트라건설(주),HT001,102.79,74.97,73,3,2,41,계단식,729220,1418750,145840,543690,0,0,0,,,,"12억 7,000",13억,,"6억 5,000",,,,,,,,,,,,,,,,,,,,,,,,,,,,,,,,,,,,,,,,,,,,,,,,,,,,,,,,,,,,,,,
3,서초LH4단지,116B㎡,서울시 서초구 우면동,1165010300,788,서울시 서초구 양재대로2길 33,37.458206,127.023515,424,0,25,21,216,21,467,울트라건설(주),HT001,116.53,84.99,73,3,2,100,계단식,1146600,1997730,229320,621810,0,0,0,,,,14억,"15억 5,000",,"7억 5,000",,4억/150,,4억/150,,,,,,,,,,,,,,,,,,,,,,,,,,,,,,,,,,,,,,,,,,,,,,,,,,,,,,,,,,,
4,서초LH4단지,116C㎡,서울시 서초구 우면동,1165010300,788,서울시 서초구 양재대로2길 33,37.458206,127.023515,424,0,25,21,216,21,467,울트라건설(주),HT001,116.5,84.97,73,3,2,42,계단식,1063800,1869390,212760,592830,0,0,0,,,,,,,,,,,,,,,,,,,,,,,,,,,,,,,,,,,,,,,,,,,,,,,,,,,,,,,,,,,,,,,,,,,,,,
5,서초LH4단지,116A,서울시 서초구 우면동,1165010300,788,서울시 서초구 양재대로2길 33,37.458206,127.023515,424,0,25,21,216,21,467,울트라건설(주),HT001,116.48,84.95,73,3,2,39,계단식,1146600,1997730,229320,621810,0,0,0,,,,14억,"14억 5,000",,"7억 5,000",,,,,,,,,,,,,,,,,,,,,,,,,,,,,,,,,,,,,,,,,,,,,,,,,,,,,,,,,,,,,,,
0,서초네이처힐1단지,110E㎡,서울시 서초구 우면동,1165010300,707,서울시 서초구 형촌길 35,37.463664,127.019856,178,88,7,5,100,22,212,(주)태영건설,HT001,110.84,84.82,77,3,2,35,계단식,,,,,,,,,245715,261455,,,,,,,,,서울우면초등학교,B100005549,서울특별시 서초구 태봉로 59,혁신,단설,20120301,서울특별시교육청,http://woomyeon.sen.es.kr,20230531,26.0,21.8,432,438,20230531,10,64,4,5,5,6,9,10,83,104,115,127,204,,1,4,39,870,1,4,0,0,20230531,19,,0,0.0,20230531,직영,3347,1377,979025000,37.46451836,127.02384159,1165010300,서울시,19.8,17.4,서초구,23.0,20.9,7,233.0,316.0,
1,서초네이처힐1단지,110A㎡,서울시 서초구 우면동,1165010300,707,서울시 서초구 형촌길 35,37.463664,127.019856,178,88,7,5,100,22,212,(주)태영건설,HT001,110.25,84.78,77,3,2,10,계단식,,,,,,,,,245599,261332,,18억,,,,,,,서울우면초등학교,B100005549,서울특별시 서초구 태봉로 59,혁신,단설,20120301,서울특별시교육청,http://woomyeon.sen.es.kr,20230531,26.0,21.8,432,438,20230531,10,64,4,5,5,6,9,10,83,104,115,127,204,,1,4,39,870,1,4,0,0,20230531,19,,0,0.0,20230531,직영,3347,1377,979025000,37.46451836,127.02384159,1165010300,서울시,19.8,17.4,서초구,23.0,20.9,7,233.0,316.0,
2,서초네이처힐1단지,112F㎡,서울시 서초구 우면동,1165010300,707,서울시 서초구 형촌길 35,37.463664,127.019856,178,88,7,5,100,22,212,(주)태영건설,HT001,112.1,84.73,76,3,2,21,계단식,,,,,,,,,245454,261178,,,,,,,,,서울우면초등학교,B100005549,서울특별시 서초구 태봉로 59,혁신,단설,20120301,서울특별시교육청,http://woomyeon.sen.es.kr,20230531,26.0,21.8,432,438,20230531,10,64,4,5,5,6,9,10,83,104,115,127,204,,1,4,39,870,1,4,0,0,20230531,19,,0,0.0,20230531,직영,3347,1377,979025000,37.46451836,127.02384159,1165010300,서울시,19.8,17.4,서초구,23.0,20.9,7,233.0,316.0,
3,서초네이처힐1단지,148C,서울시 서초구 우면동,1165010300,707,서울시 서초구 형촌길 35,37.463664,127.019856,178,88,7,5,100,22,212,(주)태영건설,HT001,148.68,114.71,77,4,2,24,계단식,,,,,,,,,332303,353590,20억,21억,,11억,6억/190,7억/150,6억/190,7억/150,서울우면초등학교,B100005549,서울특별시 서초구 태봉로 59,혁신,단설,20120301,서울특별시교육청,http://woomyeon.sen.es.kr,20230531,26.0,21.8,432,438,20230531,10,64,4,5,5,6,9,10,83,104,115,127,204,,1,4,39,870,1,4,0,0,20230531,19,,0,0.0,20230531,직영,3347,1377,979025000,37.46451836,127.02384159,1165010300,서울시,19.8,17.4,서초구,23.0,20.9,7,233.0,316.0,
0,서초네이처힐2단지,78A㎡,서울시 서초구 우면동,1165010300,712,서울시 서초구 형촌길 15,37.462787,127.021688,133,96,7,5,101,22,153,(주)태영건설,HT001,78.72,59.99,76,3,2,13,계단식,,,,,,,,,,,,,,,,,,,서울우면초등학교,B100005549,서울특별시 서초구 태봉로 59,혁신,단설,20120301,서울특별시교육청,http://woomyeon.sen.es.kr,20230531,26.0,21.8,432,438,20230531,10,64,4,5,5,6,9,10,83,104,115,127,204,,1,4,39,870,1,4,0,0,20230531,19,,0,0.0,20230531,직영,3347,1377,979025000,37.46451836,127.02384159,1165010300,서울시,19.8,17.4,서초구,23.0,20.9,5,233.0,316.0,
1,서초네이처힐2단지,110E㎡,서울시 서초구 우면동,1165010300,712,서울시 서초구 형촌길 15,37.462787,127.021688,133,96,7,5,101,22,153,(주)태영건설,HT001,110.93,84.82,76,3,2,12,계단식,,,,,,,,,,,,,,,,,,,서울우면초등학교,B100005549,서울특별시 서초구 태봉로 59,혁신,단설,20120301,서울특별시교육청,http://woomyeon.sen.es.kr,20230531,26.0,21.8,432,438,20230531,10,64,4,5,5,6,9,10,83,104,115,127,204,,1,4,39,870,1,4,0,0,20230531,19,,0,0.0,20230531,직영,3347,1377,979025000,37.46451836,127.02384159,1165010300,서울시,19.8,17.4,서초구,23.0,20.9,5,233.0,316.0,
2,서초네이처힐2단지,112F,서울시 서초구 우면동,1165010300,712,서울시 서초구 형촌길 15,37.462787,127.021688,133,96,7,5,101,22,153,(주)태영건설,HT001,112.2,84.73,76,3,2,12,계단식,,,,,,,,,,,,14억,,,,,,,서울우면초등학교,B100005549,서울특별시 서초구 태봉로 59,혁신,단설,20120301,서울특별시교육청,http://woomyeon.sen.es.kr,20230531,26.0,21.8,432,438,20230531,10,64,4,5,5,6,9,10,83,104,115,127,204,,1,4,39,870,1,4,0,0,20230531,19,,0,0.0,20230531,직영,3347,1377,979025000,37.46451836,127.02384159,1165010300,서울시,19.8,17.4,서초구,23.0,20.9,5,233.0,316.0,
0,서초네이처힐3단지,112C㎡,서울시 서초구 우면동,1165010300,717,서울시 서초구 태봉로2길 60,37.464722,127.027902,1251,853,19,12,197,22,1424,진흥기업(주),HT001,112.06,84.84,76,3,2,134,계단식,,,,,,,,,182553,197093,14억,16억,,,,,,,서울우면초등학교,B100005549,서울특별시 서초구 태봉로 59,혁신,단설,20120301,서울특별시교육청,http://woomyeon.sen.es.kr,20230531,26.0,21.8,432,438,20230531,10,64,4,5,5,6,9,10,83,104,115,127,204,,1,4,39,870,1,4,0,0,20230531,19,,0,0.0,20230531,직영,3347,1377,979025000,37.46451836,127.02384159,1165010300,서울시,19.8,17.4,서초구,23.0,20.9,5,233.0,316.0,
1,서초네이처힐3단지,112A㎡,서울시 서초구 우면동,1165010300,717,서울시 서초구 태봉로2길 60,37.464722,127.027902,1251,853,19,12,197,22,1424,진흥기업(주),HT001,112.57,84.77,75,3,2,48,계단식,,,,,,,,,182402,196930,14억,15억,,,,,,,서울우면초등학교,B100005549,서울특별시 서초구 태봉로 59,혁신,단설,20120301,서울특별시교육청,http://woomyeon.sen.es.kr,20230531,26.0,21.8,432,438,20230531,10,64,4,5,5,6,9,10,83,104,115,127,204,,1,4,39,870,1,4,0,0,20230531,19,,0,0.0,20230531,직영,3347,1377,979025000,37.46451836,127.02384159,1165010300,서울시,19.8,17.4,서초구,23.0,20.9,5,233.0,316.0,
2,서초네이처힐3단지,113B㎡,서울시 서초구 우면동,1165010300,717,서울시 서초구 태봉로2길 60,37.464722,127.027902,1251,853,19,12,197,22,1424,진흥기업(주),HT001,113.55,84.61,75,3,2,64,계단식,,,,,,,,,182058,196558,,15억,,,,,,,서울우면초등학교,B100005549,서울특별시 서초구 태봉로 59,혁신,단설,20120301,서울특별시교육청,http://woomyeon.sen.es.kr,20230531,26.0,21.8,432,438,20230531,10,64,4,5,5,6,9,10,83,104,115,127,204,,1,4,39,870,1,4,0,0,20230531,19,,0,0.0,20230531,직영,3347,1377,979025000,37.46451836,127.02384159,1165010300,서울시,19.8,17.4,서초구,23.0,20.9,5,233.0,316.0,
3,서초네이처힐3단지,151F,서울시 서초구 우면동,1165010300,717,서울시 서초구 태봉로2길 60,37.464722,127.027902,1251,853,19,12,197,22,1424,진흥기업(주),HT001,151.95,114.79,76,4,2,152,계단식,,,,,,,,,246998,266669,"18억 5,000",22억,,11억,,3억/330,,3억/330,서울우면초등학교,B100005549,서울특별시 서초구 태봉로 59,혁신,단설,20120301,서울특별시교육청,http://woomyeon.sen.es.kr,20230531,26.0,21.8,432,438,20230531,10,64,4,5,5,6,9,10,83,104,115,127,204,,1,4,39,870,1,4,0,0,20230531,19,,0,0.0,20230531,직영,3347,1377,979025000,37.46451836,127.02384159,1165010300,서울시,19.8,17.4,서초구,23.0,20.9,5,233.0,316.0,
0,서초네이처힐4단지,115C㎡,서울시 서초구 우면동,1165010300,720,서울시 서초구 태봉로2길 65,37.463718,127.02631,409,232,15,14,192,21,469,진흥기업(주),HT001,115.84,84.84,73,3,2,36,계단식,,,,,,,,,218613,235054,15억,16억,,"8억 8,000",,,,,서울우면초등학교,B100005549,서울특별시 서초구 태봉로 59,혁신,단설,20120301,서울특별시교육청,http://woomyeon.sen.es.kr,20230531,26.0,21.8,432,438,20230531,10,64,4,5,5,6,9,10,83,104,115,127,204,,1,4,39,870,1,4,0,0,20230531,19,,0,0.0,20230531,직영,3347,1377,979025000,37.46451836,127.02384159,1165010300,서울시,19.8,17.4,서초구,23.0,20.9,4,233.0,316.0,
1,서초네이처힐4단지,116A㎡,서울시 서초구 우면동,1165010300,720,서울시 서초구 태봉로2길 65,37.463718,127.02631,409,232,15,14,192,21,469,진흥기업(주),HT001,116.35,84.77,73,3,2,54,계단식,,,,,,,,,218433,234860,"16억 5,000",17억,,,,,,,서울우면초등학교,B100005549,서울특별시 서초구 태봉로 59,혁신,단설,20120301,서울특별시교육청,http://woomyeon.sen.es.kr,20230531,26.0,21.8,432,438,20230531,10,64,4,5,5,6,9,10,83,104,115,127,204,,1,4,39,870,1,4,0,0,20230531,19,,0,0.0,20230531,직영,3347,1377,979025000,37.46451836,127.02384159,1165010300,서울시,19.8,17.4,서초구,23.0,20.9,4,233.0,316.0,
2,서초네이처힐4단지,117B㎡,서울시 서초구 우면동,1165010300,720,서울시 서초구 태봉로2길 65,37.463718,127.02631,409,232,15,14,192,21,469,진흥기업(주),HT001,117.32,84.61,72,3,2,84,계단식,,,,,,,,,218021,234417,15억,16억,,"8억 5,000",,,,,서울우면초등학교,B100005549,서울특별시 서초구 태봉로 59,혁신,단설,20120301,서울특별시교육청,http://woomyeon.sen.es.kr,20230531,26.0,21.8,432,438,20230531,10,64,4,5,5,6,9,10,83,104,115,127,204,,1,4,39,870,1,4,0,0,20230531,19,,0,0.0,20230531,직영,3347,1377,979025000,37.46451836,127.02384159,1165010300,서울시,19.8,17.4,서초구,23.0,20.9,4,233.0,316.0,
3,서초네이처힐4단지,163D,서울시 서초구 우면동,1165010300,720,서울시 서초구 태봉로2길 65,37.463718,127.02631,409,232,15,14,192,21,469,진흥기업(주),HT001,163.44,114.93,70,4,2,3,계단식,,,,,,,,,296149,318420,,,,,,,,,서울우면초등학교,B100005549,서울특별시 서초구 태봉로 59,혁신,단설,20120301,서울특별시교육청,http://woomyeon.sen.es.kr,20230531,26.0,21.8,432,438,20230531,10,64,4,5,5,6,9,10,83,104,115,127,204,,1,4,39,870,1,4,0,0,20230531,19,,0,0.0,20230531,직영,3347,1377,979025000,37.46451836,127.02384159,1165010300,서울시,19.8,17.4,서초구,23.0,20.9,4,233.0,316.0,
0,서초네이처힐6단지,81A㎡,서울시 서초구 우면동,1165010300,737,서울시 서초구 태봉로2길 30,37.461495,127.026712,382,275,17,7,163,21,430,(주)태영건설,HT001,81.93,59.99,73,3,2,30,계단식,,,,,,,,,168131,167124,12억,"13억 1,000",,,,,,,서울우면초등학교,B100005549,서울특별시 서초구 태봉로 59,혁신,단설,20120301,서울특별시교육청,http://woomyeon.sen.es.kr,20230531,26.0,21.8,432,438,20230531,10,64,4,5,5,6,9,10,83,104,115,127,204,,1,4,39,870,1,4,0,0,20230531,19,,0,0.0,20230531,직영,3347,1377,979025000,37.46451836,127.02384159,1165010300,서울시,19.8,17.4,서초구,23.0,20.9,7,233.0,316.0,
1,서초네이처힐6단지,114A㎡,서울시 서초구 우면동,1165010300,737,서울시 서초구 태봉로2길 30,37.461495,127.026712,382,275,17,7,163,21,430,(주)태영건설,HT001,114.89,84.77,74,3,2,30,계단식,,,,,,,,,237580,236157,,17억,9억,"9억 3,000",,,,,서울우면초등학교,B100005549,서울특별시 서초구 태봉로 59,혁신,단설,20120301,서울특별시교육청,http://woomyeon.sen.es.kr,20230531,26.0,21.8,432,438,20230531,10,64,4,5,5,6,9,10,83,104,115,127,204,,1,4,39,870,1,4,0,0,20230531,19,,0,0.0,20230531,직영,3347,1377,979025000,37.46451836,127.02384159,1165010300,서울시,19.8,17.4,서초구,23.0,20.9,7,233.0,316.0,
2,서초네이처힐6단지,154A㎡,서울시 서초구 우면동,1165010300,737,서울시 서초구 태봉로2길 30,37.461495,127.026712,382,275,17,7,163,21,430,(주)태영건설,HT001,154.45,114.95,74,4,2,30,계단식,,,,,,,,,322164,320234,,"19억 8,000",,"9억 8,000",,,,,서울우면초등학교,B100005549,서울특별시 서초구 태봉로 59,혁신,단설,20120301,서울특별시교육청,http://woomyeon.sen.es.kr,20230531,26.0,21.8,432,438,20230531,10,64,4,5,5,6,9,10,83,104,115,127,204,,1,4,39,870,1,4,0,0,20230531,19,,0,0.0,20230531,직영,3347,1377,979025000,37.46451836,127.02384159,1165010300,서울시,19.8,17.4,서초구,23.0,20.9,7,233.0,316.0,
3,서초네이처힐6단지,155B,서울시 서초구 우면동,1165010300,737,서울시 서초구 태봉로2길 30,37.461495,127.026712,382,275,17,7,163,21,430,(주)태영건설,HT001,155.53,114.98,74,4,2,17,계단식,,,,,,,,,322248,320318,,18억,,,,7억/170,,7억/170,서울우면초등학교,B100005549,서울특별시 서초구 태봉로 59,혁신,단설,20120301,서울특별시교육청,http://woomyeon.sen.es.kr,20230531,26.0,21.8,432,438,20230531,10,64,4,5,5,6,9,10,83,104,115,127,204,,1,4,39,870,1,4,0,0,20230531,19,,0,0.0,20230531,직영,3347,1377,979025000,37.46451836,127.02384159,1165010300,서울시,19.8,17.4,서초구,23.0,20.9,7,233.0,316.0,
0,서초네이처힐7단지,85A㎡,서울시 서초구 우면동,1165010300,735,서울시 서초구 태봉로2길 10,37.461908,127.023282,275,179,17,5,171,19,308,(주)태영건설,HT001,85.73,59.99,70,3,2,64,계단식,,,,,,,,,210312,207292,12억,"12억 5,000",,,,,,,서울우면초등학교,B100005549,서울특별시 서초구 태봉로 59,혁신,단설,20120301,서울특별시교육청,http://woomyeon.sen.es.kr,20230531,26.0,21.8,432,438,20230531,10,64,4,5,5,6,9,10,83,104,115,127,204,,1,4,39,870,1,4,0,0,20230531,19,,0,0.0,20230531,직영,3347,1377,979025000,37.46451836,127.02384159,1165010300,서울시,19.8,17.4,서초구,23.0,20.9,5,233.0,316.0,
1,서초네이처힐7단지,120A,서울시 서초구 우면동,1165010300,735,서울시 서초구 태봉로2길 10,37.461908,127.023282,275,179,17,5,171,19,308,(주)태영건설,HT001,120.25,84.77,70,3,2,32,계단식,,,,,,,,,297185,292919,14억,17억,,9억,,,,,서울우면초등학교,B100005549,서울특별시 서초구 태봉로 59,혁신,단설,20120301,서울특별시교육청,http://woomyeon.sen.es.kr,20230531,26.0,21.8,432,438,20230531,10,64,4,5,5,6,9,10,83,104,115,127,204,,1,4,39,870,1,4,0,0,20230531,19,,0,0.0,20230531,직영,3347,1377,979025000,37.46451836,127.02384159,1165010300,서울시,19.8,17.4,서초구,23.0,20.9,5,233.0,316.0,
0,서초리슈빌S(도시형),30㎡,서울시 서초구 우면동,1165010300,764,서울시 서초구 양재대로2길 100-11,37.456516,127.016265,98,0,8,8,396,59,48,(주)케이알산업,HT001,30.17,21.58,72,1,1,28,계단식,25370,101470,5070,71030,0,0,0,,,,,"2억 1,000",,,,,,,서울우솔초등학교,B100005830,서울특별시 서초구 우면동 554-1,공립,단설,20130301,서울특별시교육청,http://woosol.sen.es.kr,20230531,20.3,20.7,331,248,20230531,2,42,4,4,4,4,5,5,80,82,78,100,111,,2,8,26,579,2,3,0,0,20230531,26,,0,0.0,20230531,직영,3611,875,680116000,37.45698082,127.0196098,1165010300,서울시,19.8,17.4,서초구,23.0,20.9,4,120.0,269.0,
1,서초리슈빌S(도시형),35㎡,서울시 서초구 우면동,1165010300,764,서울시 서초구 양재대로2길 100-11,37.456516,127.016265,98,0,8,8,396,59,48,(주)케이알산업,HT001,35.17,25.17,72,1,1,2,계단식,35790,135040,7150,92100,0,0,0,,,,,,,,,,,,서울우솔초등학교,B100005830,서울특별시 서초구 우면동 554-1,공립,단설,20130301,서울특별시교육청,http://woosol.sen.es.kr,20230531,20.3,20.7,331,248,20230531,2,42,4,4,4,4,5,5,80,82,78,100,111,,2,8,26,579,2,3,0,0,20230531,26,,0,0.0,20230531,직영,3611,875,680116000,37.45698082,127.0196098,1165010300,서울시,19.8,17.4,서초구,23.0,20.9,4,120.0,269.0,
2,서초리슈빌S(도시형),41A㎡,서울시 서초구 우면동,1165010300,764,서울시 서초구 양재대로2길 100-11,37.456516,127.016265,98,0,8,8,396,59,48,(주)케이알산업,HT001,41.94,30.01,72,1,1,7,계단식,56000,187600,11200,120400,0,0,0,,,,"3억 9,000",4억,,,,,,,서울우솔초등학교,B100005830,서울특별시 서초구 우면동 554-1,공립,단설,20130301,서울특별시교육청,http://woosol.sen.es.kr,20230531,20.3,20.7,331,248,20230531,2,42,4,4,4,4,5,5,80,82,78,100,111,,2,8,26,579,2,3,0,0,20230531,26,,0,0.0,20230531,직영,3611,875,680116000,37.45698082,127.0196098,1165010300,서울시,19.8,17.4,서초구,23.0,20.9,4,120.0,269.0,
3,서초리슈빌S(도시형),43B㎡,서울시 서초구 우면동,1165010300,764,서울시 서초구 양재대로2길 100-11,37.456516,127.016265,98,0,8,8,396,59,48,(주)케이알산업,HT001,43.16,30.89,72,1,1,26,계단식,43960,156290,8790,103540,0,0,0,,,,"2억 9,000","3억 5,000",,"2억 7,000",,,,,서울우솔초등학교,B100005830,서울특별시 서초구 우면동 554-1,공립,단설,20130301,서울특별시교육청,http://woosol.sen.es.kr,20230531,20.3,20.7,331,248,20230531,2,42,4,4,4,4,5,5,80,82,78,100,111,,2,8,26,579,2,3,0,0,20230531,26,,0,0.0,20230531,직영,3611,875,680116000,37.45698082,127.0196098,1165010300,서울시,19.8,17.4,서초구,23.0,20.9,4,120.0,269.0,
4,서초리슈빌S(도시형),43㎡,서울시 서초구 우면동,1165010300,764,서울시 서초구 양재대로2길 100-11,37.456516,127.016265,98,0,8,8,396,59,48,(주)케이알산업,HT001,43.54,31.15,72,1,1,14,계단식,58150,193190,11630,123410,0,0,0,,,,,"3억 8,000",,4억,,,,,서울우솔초등학교,B100005830,서울특별시 서초구 우면동 554-1,공립,단설,20130301,서울특별시교육청,http://woosol.sen.es.kr,20230531,20.3,20.7,331,248,20230531,2,42,4,4,4,4,5,5,80,82,78,100,111,,2,8,26,579,2,3,0,0,20230531,26,,0,0.0,20230531,직영,3611,875,680116000,37.45698082,127.0196098,1165010300,서울시,19.8,17.4,서초구,23.0,20.9,4,120.0,269.0,
5,서초리슈빌S(도시형),49㎡,서울시 서초구 우면동,1165010300,764,서울시 서초구 양재대로2길 100-11,37.456516,127.016265,98,0,8,8,396,59,48,(주)케이알산업,HT001,49.51,35.43,72,2,1,7,계단식,63740,207710,12740,131230,0,0,0,,,,,"3억 8,000",,"3억 3,000",,,,,서울우솔초등학교,B100005830,서울특별시 서초구 우면동 554-1,공립,단설,20130301,서울특별시교육청,http://woosol.sen.es.kr,20230531,20.3,20.7,331,248,20230531,2,42,4,4,4,4,5,5,80,82,78,100,111,,2,8,26,579,2,3,0,0,20230531,26,,0,0.0,20230531,직영,3611,875,680116000,37.45698082,127.0196098,1165010300,서울시,19.8,17.4,서초구,23.0,20.9,4,120.0,269.0,
6,서초리슈빌S(도시형),62,서울시 서초구 우면동,1165010300,764,서울시 서초구 양재대로2길 100-11,37.456516,127.016265,98,0,8,8,396,59,48,(주)케이알산업,HT001,62.17,44.48,72,2,1,14,계단식,129760,372540,25950,216830,0,0,0,,,,6억,"6억 3,000",,,,,,,서울우솔초등학교,B100005830,서울특별시 서초구 우면동 554-1,공립,단설,20130301,서울특별시교육청,http://woosol.sen.es.kr,20230531,20.3,20.7,331,248,20230531,2,42,4,4,4,4,5,5,80,82,78,100,111,,2,8,26,579,2,3,0,0,20230531,26,,0,0.0,20230531,직영,3611,875,680116000,37.45698082,127.0196098,1165010300,서울시,19.8,17.4,서초구,23.0,20.9,4,120.0,269.0,
0,서초호반써밋,128A㎡,서울시 서초구 우면동,1165010300,753,서울시 서초구 양재대로2길 109,37.456552,127.013065,550,0,25,21,195,12,1102,울트라건설(주),HT001,128.07,101.04,79,3,2,167,계단식,1479600,2513880,295920,738360,0,0,0,,277050,300740,17억,"20억 5,000","8억 5,000","9억 5,000",,,,,서울우솔초등학교,B100005830,서울특별시 서초구 우면동 554-1,공립,단설,20130301,서울특별시교육청,http://woosol.sen.es.kr,20230531,20.3,20.7,331,248,20230531,2,42,4,4,4,4,5,5,80,82,78,100,111,,2,8,26,579,2,3,0,0,20230531,26,,0,0.0,20230531,직영,3611,875,680116000,37.45698082,127.0196098,1165010300,서울시,19.8,17.4,서초구,23.0,20.9,7,120.0,269.0,
1,서초호반써밋,129C-1㎡,서울시 서초구 우면동,1165010300,753,서울시 서초구 양재대로2길 109,37.456552,127.013065,550,0,25,21,195,12,1102,울트라건설(주),HT001,129.95,101.01,78,3,2,69,계단식,1438200,2449710,287640,723870,0,0,0,,276947,300629,"16억 8,000",19억,,"8억 5,000",6억/120,7억/80,6억/120,7억/80,서울우솔초등학교,B100005830,서울특별시 서초구 우면동 554-1,공립,단설,20130301,서울특별시교육청,http://woosol.sen.es.kr,20230531,20.3,20.7,331,248,20230531,2,42,4,4,4,4,5,5,80,82,78,100,111,,2,8,26,579,2,3,0,0,20230531,26,,0,0.0,20230531,직영,3611,875,680116000,37.45698082,127.0196098,1165010300,서울시,19.8,17.4,서초구,23.0,20.9,7,120.0,269.0,
2,서초호반써밋,129B-1㎡,서울시 서초구 우면동,1165010300,753,서울시 서초구 양재대로2길 109,37.456552,127.013065,550,0,25,21,195,12,1102,울트라건설(주),HT001,129.66,101.05,78,3,2,55,계단식,1438200,2449710,287640,723870,0,0,0,,277059,300750,,,,"8억 5,000",,6억/120,,6억/120,서울우솔초등학교,B100005830,서울특별시 서초구 우면동 554-1,공립,단설,20130301,서울특별시교육청,http://woosol.sen.es.kr,20230531,20.3,20.7,331,248,20230531,2,42,4,4,4,4,5,5,80,82,78,100,111,,2,8,26,579,2,3,0,0,20230531,26,,0,0.0,20230531,직영,3611,875,680116000,37.45698082,127.0196098,1165010300,서울시,19.8,17.4,서초구,23.0,20.9,7,120.0,269.0,
3,서초호반써밋,129C-2㎡,서울시 서초구 우면동,1165010300,753,서울시 서초구 양재대로2길 109,37.456552,127.013065,550,0,25,21,195,12,1102,울트라건설(주),HT001,129.95,101.01,78,3,2,19,계단식,1458000,2480400,291600,730800,0,0,0,,276947,300628,17억,18억,,"9억 5,000",,,,,서울우솔초등학교,B100005830,서울특별시 서초구 우면동 554-1,공립,단설,20130301,서울특별시교육청,http://woosol.sen.es.kr,20230531,20.3,20.7,331,248,20230531,2,42,4,4,4,4,5,5,80,82,78,100,111,,2,8,26,579,2,3,0,0,20230531,26,,0,0.0,20230531,직영,3611,875,680116000,37.45698082,127.0196098,1165010300,서울시,19.8,17.4,서초구,23.0,20.9,7,120.0,269.0,
4,서초호반써밋,132B-2㎡,서울시 서초구 우면동,1165010300,753,서울시 서초구 양재대로2길 109,37.456552,127.013065,550,0,25,21,195,12,1102,울트라건설(주),HT001,132,101.05,77,3,2,15,계단식,1458000,2480400,291600,730800,0,0,0,,277059,300750,,"18억 5,000",,"8억 5,000",,,,,서울우솔초등학교,B100005830,서울특별시 서초구 우면동 554-1,공립,단설,20130301,서울특별시교육청,http://woosol.sen.es.kr,20230531,20.3,20.7,331,248,20230531,2,42,4,4,4,4,5,5,80,82,78,100,111,,2,8,26,579,2,3,0,0,20230531,26,,0,0.0,20230531,직영,3611,875,680116000,37.45698082,127.0196098,1165010300,서울시,19.8,17.4,서초구,23.0,20.9,7,120.0,269.0,
5,서초호반써밋,148A-1㎡,서울시 서초구 우면동,1165010300,753,서울시 서초구 양재대로2길 109,37.456552,127.013065,550,0,25,21,195,12,1102,울트라건설(주),HT001,148.94,118.13,79,4,2,62,계단식,1807200,3021660,361440,853020,354810,295680,59130,,323890,351585,"19억 2,000",20억,,11억,4억/280,6억/200,4억/280,6억/200,서울우솔초등학교,B100005830,서울특별시 서초구 우면동 554-1,공립,단설,20130301,서울특별시교육청,http://woosol.sen.es.kr,20230531,20.3,20.7,331,248,20230531,2,42,4,4,4,4,5,5,80,82,78,100,111,,2,8,26,579,2,3,0,0,20230531,26,,0,0.0,20230531,직영,3611,875,680116000,37.45698082,127.0196098,1165010300,서울시,19.8,17.4,서초구,23.0,20.9,7,120.0,269.0,
6,서초호반써밋,148A-2㎡,서울시 서초구 우면동,1165010300,753,서울시 서초구 양재대로2길 109,37.456552,127.013065,550,0,25,21,195,12,1102,울트라건설(주),HT001,148.94,118.13,79,4,2,3,계단식,1771200,2965860,354240,840420,308730,257280,51450,,323890,351585,,,,12억,,,,,서울우솔초등학교,B100005830,서울특별시 서초구 우면동 554-1,공립,단설,20130301,서울특별시교육청,http://woosol.sen.es.kr,20230531,20.3,20.7,331,248,20230531,2,42,4,4,4,4,5,5,80,82,78,100,111,,2,8,26,579,2,3,0,0,20230531,26,,0,0.0,20230531,직영,3611,875,680116000,37.45698082,127.0196098,1165010300,서울시,19.8,17.4,서초구,23.0,20.9,7,120.0,269.0,
7,서초호반써밋,149B-1㎡,서울시 서초구 우면동,1165010300,753,서울시 서초구 양재대로2길 109,37.456552,127.013065,550,0,25,21,195,12,1102,울트라건설(주),HT001,149.78,118.01,79,4,2,53,계단식,1760400,2949120,352080,836640,294910,245760,49150,,323569,351237,,21억,,,,4억/280,,4억/280,서울우솔초등학교,B100005830,서울특별시 서초구 우면동 554-1,공립,단설,20130301,서울특별시교육청,http://woosol.sen.es.kr,20230531,20.3,20.7,331,248,20230531,2,42,4,4,4,4,5,5,80,82,78,100,111,,2,8,26,579,2,3,0,0,20230531,26,,0,0.0,20230531,직영,3611,875,680116000,37.45698082,127.0196098,1165010300,서울시,19.8,17.4,서초구,23.0,20.9,7,120.0,269.0,
8,서초호반써밋,149C-1㎡,서울시 서초구 우면동,1165010300,753,서울시 서초구 양재대로2길 109,37.456552,127.013065,550,0,25,21,195,12,1102,울트라건설(주),HT001,149.45,118.04,79,4,2,36,계단식,1771200,2965860,354240,840420,308730,257280,51450,,323657,351333,,21억,,,3억/320,5억/240,3억/320,5억/240,서울우솔초등학교,B100005830,서울특별시 서초구 우면동 554-1,공립,단설,20130301,서울특별시교육청,http://woosol.sen.es.kr,20230531,20.3,20.7,331,248,20230531,2,42,4,4,4,4,5,5,80,82,78,100,111,,2,8,26,579,2,3,0,0,20230531,26,,0,0.0,20230531,직영,3611,875,680116000,37.45698082,127.0196098,1165010300,서울시,19.8,17.4,서초구,23.0,20.9,7,120.0,269.0,
9,서초호반써밋,149B-2㎡,서울시 서초구 우면동,1165010300,753,서울시 서초구 양재대로2길 109,37.456552,127.013065,550,0,25,21,195,12,1102,울트라건설(주),HT001,149.78,118.01,79,4,2,11,계단식,1783800,2985390,356760,844830,324860,270720,54140,,323569,351237,,,11억,13억,,4억/280,,4억/280,서울우솔초등학교,B100005830,서울특별시 서초구 우면동 554-1,공립,단설,20130301,서울특별시교육청,http://woosol.sen.es.kr,20230531,20.3,20.7,331,248,20230531,2,42,4,4,4,4,5,5,80,82,78,100,111,,2,8,26,579,2,3,0,0,20230531,26,,0,0.0,20230531,직영,3611,875,680116000,37.45698082,127.0196098,1165010300,서울시,19.8,17.4,서초구,23.0,20.9,7,120.0,269.0,
10,서초호반써밋,149C-2㎡,서울시 서초구 우면동,1165010300,753,서울시 서초구 양재대로2길 109,37.456552,127.013065,550,0,25,21,195,12,1102,울트라건설(주),HT001,149.45,118.04,79,4,2,6,계단식,1785600,2988180,357120,845460,327160,272640,54520,,323657,351333,,,,"15억 5,000",,4억/280,,4억/280,서울우솔초등학교,B100005830,서울특별시 서초구 우면동 554-1,공립,단설,20130301,서울특별시교육청,http://woosol.sen.es.kr,20230531,20.3,20.7,331,248,20230531,2,42,4,4,4,4,5,5,80,82,78,100,111,,2,8,26,579,2,3,0,0,20230531,26,,0,0.0,20230531,직영,3611,875,680116000,37.45698082,127.0196098,1165010300,서울시,19.8,17.4,서초구,23.0,20.9,7,120.0,269.0,
11,서초호반써밋,169A-1㎡,서울시 서초구 우면동,1165010300,753,서울시 서초구 양재대로2길 109,37.456552,127.013065,550,0,25,21,195,12,1102,울트라건설(주),HT001,169.35,134.02,79,4,2,40,계단식,2075400,3437370,415080,946890,698110,581760,116350,,367463,398885,24억,28억,,13억,,10억/120,,10억/120,서울우솔초등학교,B100005830,서울특별시 서초구 우면동 554-1,공립,단설,20130301,서울특별시교육청,http://woosol.sen.es.kr,20230531,20.3,20.7,331,248,20230531,2,42,4,4,4,4,5,5,80,82,78,100,111,,2,8,26,579,2,3,0,0,20230531,26,,0,0.0,20230531,직영,3611,875,680116000,37.45698082,127.0196098,1165010300,서울시,19.8,17.4,서초구,23.0,20.9,7,120.0,269.0,
12,서초호반써밋,169A-2㎡,서울시 서초구 우면동,1165010300,753,서울시 서초구 양재대로2길 109,37.456552,127.013065,550,0,25,21,195,12,1102,울트라건설(주),HT001,169.35,134.02,79,4,2,3,계단식,2075400,3437370,415080,946890,698110,581760,116350,,367463,398885,,,,,,,,,서울우솔초등학교,B100005830,서울특별시 서초구 우면동 554-1,공립,단설,20130301,서울특별시교육청,http://woosol.sen.es.kr,20230531,20.3,20.7,331,248,20230531,2,42,4,4,4,4,5,5,80,82,78,100,111,,2,8,26,579,2,3,0,0,20230531,26,,0,0.0,20230531,직영,3611,875,680116000,37.45698082,127.0196098,1165010300,서울시,19.8,17.4,서초구,23.0,20.9,7,120.0,269.0,
13,서초호반써밋,195PH㎡,서울시 서초구 우면동,1165010300,753,서울시 서초구 양재대로2길 109,37.456552,127.013065,550,0,25,21,195,12,1102,울트라건설(주),HT001,195.3,151.56,78,4,2,4,계단식,2444400,4009320,488880,1076040,1181950,984960,196990,,415550,451083,,,,,,,,,서울우솔초등학교,B100005830,서울특별시 서초구 우면동 554-1,공립,단설,20130301,서울특별시교육청,http://woosol.sen.es.kr,20230531,20.3,20.7,331,248,20230531,2,42,4,4,4,4,5,5,80,82,78,100,111,,2,8,26,579,2,3,0,0,20230531,26,,0,0.0,20230531,직영,3611,875,680116000,37.45698082,127.0196098,1165010300,서울시,19.8,17.4,서초구,23.0,20.9,7,120.0,269.0,
14,서초호반써밋,198PH㎡,서울시 서초구 우면동,1165010300,753,서울시 서초구 양재대로2길 109,37.456552,127.013065,550,0,25,21,195,12,1102,울트라건설(주),HT001,198.39,152.64,77,5,2,3,계단식,2485800,4073490,497160,1090530,1268060,1056720,211340,,418525,454313,,,,,,,,,서울우솔초등학교,B100005830,서울특별시 서초구 우면동 554-1,공립,단설,20130301,서울특별시교육청,http://woosol.sen.es.kr,20230531,20.3,20.7,331,248,20230531,2,42,4,4,4,4,5,5,80,82,78,100,111,,2,8,26,579,2,3,0,0,20230531,26,,0,0.0,20230531,직영,3611,875,680116000,37.45698082,127.0196098,1165010300,서울시,19.8,17.4,서초구,23.0,20.9,7,120.0,269.0,
15,서초호반써밋,203PH㎡,서울시 서초구 우면동,1165010300,753,서울시 서초구 양재대로2길 109,37.456552,127.013065,550,0,25,21,195,12,1102,울트라건설(주),HT001,203.07,158.07,78,4,2,1,계단식,2527200,4137660,505440,1105020,1354170,1128480,225690,,433407,470468,,,,,,,,,서울우솔초등학교,B100005830,서울특별시 서초구 우면동 554-1,공립,단설,20130301,서울특별시교육청,http://woosol.sen.es.kr,20230531,20.3,20.7,331,248,20230531,2,42,4,4,4,4,5,5,80,82,78,100,111,,2,8,26,579,2,3,0,0,20230531,26,,0,0.0,20230531,직영,3611,875,680116000,37.45698082,127.0196098,1165010300,서울시,19.8,17.4,서초구,23.0,20.9,7,120.0,269.0,
16,서초호반써밋,205PH㎡,서울시 서초구 우면동,1165010300,753,서울시 서초구 양재대로2길 109,37.456552,127.013065,550,0,25,21,195,12,1102,울트라건설(주),HT001,205.95,161.04,78,4,2,1,계단식,2538000,4154400,507600,1108800,1376640,1147200,229440,,441544,479300,,,,,,,,,서울우솔초등학교,B100005830,서울특별시 서초구 우면동 554-1,공립,단설,20130301,서울특별시교육청,http://woosol.sen.es.kr,20230531,20.3,20.7,331,248,20230531,2,42,4,4,4,4,5,5,80,82,78,100,111,,2,8,26,579,2,3,0,0,20230531,26,,0,0.0,20230531,직영,3611,875,680116000,37.45698082,127.0196098,1165010300,서울시,19.8,17.4,서초구,23.0,20.9,7,120.0,269.0,
17,서초호반써밋,213PH,서울시 서초구 우면동,1165010300,753,서울시 서초구 양재대로2길 109,37.456552,127.013065,550,0,25,21,195,12,1102,울트라건설(주),HT001,213.47,165.5,78,3,2,2,계단식,2674800,4366440,534960,1156680,1661180,1384320,276860,,453776,492578,,,,,,,,,서울우솔초등학교,B100005830,서울특별시 서초구 우면동 554-1,공립,단설,20130301,서울특별시교육청,http://woosol.sen.es.kr,20230531,20.3,20.7,331,248,20230531,2,42,4,4,4,4,5,5,80,82,78,100,111,,2,8,26,579,2,3,0,0,20230531,26,,0,0.0,20230531,직영,3611,875,680116000,37.45698082,127.0196098,1165010300,서울시,19.8,17.4,서초구,23.0,20.9,7,120.0,269.0,
0,서초힐스,81C㎡,서울시 서초구 우면동,1165010300,773,서울시 서초구 양재대로2길 90,37.45746,127.018151,1082,0,25,12,208,17,1274,(주)서희건설,HT001,81.96,59.89,73,3,2,98,계단식,641020,1277630,128200,508410,0,0,0,,171137,178188,,"12억 5,000",,"6억 5,000",,2억/165,,2억/165,서울우솔초등학교,B100005830,서울특별시 서초구 우면동 554-1,공립,단설,20130301,서울특별시교육청,http://woosol.sen.es.kr,20230531,20.3,20.7,331,248,20230531,2,42,4,4,4,4,5,5,80,82,78,100,111,,2,8,26,579,2,3,0,0,20230531,26,,0,0.0,20230531,직영,3611,875,680116000,37.45698082,127.0196098,1165010300,서울시,19.8,17.4,서초구,23.0,20.9,5,120.0,269.0,
1,서초힐스,81B㎡,서울시 서초구 우면동,1165010300,773,서울시 서초구 양재대로2길 90,37.45746,127.018151,1082,0,25,12,208,17,1274,(주)서희건설,HT001,81.98,59.91,73,3,2,96,계단식,641020,1277630,128200,508410,0,0,0,,171194,178247,,"12억 5,000",,,,,,,서울우솔초등학교,B100005830,서울특별시 서초구 우면동 554-1,공립,단설,20130301,서울특별시교육청,http://woosol.sen.es.kr,20230531,20.3,20.7,331,248,20230531,2,42,4,4,4,4,5,5,80,82,78,100,111,,2,8,26,579,2,3,0,0,20230531,26,,0,0.0,20230531,직영,3611,875,680116000,37.45698082,127.0196098,1165010300,서울시,19.8,17.4,서초구,23.0,20.9,5,120.0,269.0,
2,서초힐스,82A㎡,서울시 서초구 우면동,1165010300,773,서울시 서초구 양재대로2길 90,37.45746,127.018151,1082,0,25,12,208,17,1274,(주)서희건설,HT001,82.07,59.97,73,3,2,122,계단식,675670,1333070,135130,522270,0,0,0,,171365,178426,"12억 5,000",13억,"6억 5,000","7억 5,000",,,,,서울우솔초등학교,B100005830,서울특별시 서초구 우면동 554-1,공립,단설,20130301,서울특별시교육청,http://woosol.sen.es.kr,20230531,20.3,20.7,331,248,20230531,2,42,4,4,4,4,5,5,80,82,78,100,111,,2,8,26,579,2,3,0,0,20230531,26,,0,0.0,20230531,직영,3611,875,680116000,37.45698082,127.0196098,1165010300,서울시,19.8,17.4,서초구,23.0,20.9,5,120.0,269.0,
3,서초힐스,82AN㎡,서울시 서초구 우면동,1165010300,773,서울시 서초구 양재대로2길 90,37.45746,127.018151,1082,0,25,12,208,17,1274,(주)서희건설,HT001,82.07,59.97,73,3,2,16,계단식,650470,1292750,130090,512190,0,0,0,,171365,178426,,,,,,,,,서울우솔초등학교,B100005830,서울특별시 서초구 우면동 554-1,공립,단설,20130301,서울특별시교육청,http://woosol.sen.es.kr,20230531,20.3,20.7,331,248,20230531,2,42,4,4,4,4,5,5,80,82,78,100,111,,2,8,26,579,2,3,0,0,20230531,26,,0,0.0,20230531,직영,3611,875,680116000,37.45698082,127.0196098,1165010300,서울시,19.8,17.4,서초구,23.0,20.9,5,120.0,269.0,
4,서초힐스,102A1㎡,서울시 서초구 우면동,1165010300,773,서울시 서초구 양재대로2길 90,37.45746,127.018151,1082,0,25,12,208,17,1274,(주)서희건설,HT001,102.59,74.97,73,3,2,126,계단식,1081800,1897290,216360,599130,0,0,0,,214229,223055,"13억 5,000",14억,"6억 8,000",7억,,,,,서울우솔초등학교,B100005830,서울특별시 서초구 우면동 554-1,공립,단설,20130301,서울특별시교육청,http://woosol.sen.es.kr,20230531,20.3,20.7,331,248,20230531,2,42,4,4,4,4,5,5,80,82,78,100,111,,2,8,26,579,2,3,0,0,20230531,26,,0,0.0,20230531,직영,3611,875,680116000,37.45698082,127.0196098,1165010300,서울시,19.8,17.4,서초구,23.0,20.9,5,120.0,269.0,
5,서초힐스,102B㎡,서울시 서초구 우면동,1165010300,773,서울시 서초구 양재대로2길 90,37.45746,127.018151,1082,0,25,12,208,17,1274,(주)서희건설,HT001,102.57,74.95,73,3,2,48,계단식,1054800,1855440,210960,589680,0,0,0,,214171,222995,,,,7억,,,,,서울우솔초등학교,B100005830,서울특별시 서초구 우면동 554-1,공립,단설,20130301,서울특별시교육청,http://woosol.sen.es.kr,20230531,20.3,20.7,331,248,20230531,2,42,4,4,4,4,5,5,80,82,78,100,111,,2,8,26,579,2,3,0,0,20230531,26,,0,0.0,20230531,직영,3611,875,680116000,37.45698082,127.0196098,1165010300,서울시,19.8,17.4,서초구,23.0,20.9,5,120.0,269.0,
6,서초힐스,102A㎡,서울시 서초구 우면동,1165010300,773,서울시 서초구 양재대로2길 90,37.45746,127.018151,1082,0,25,12,208,17,1274,(주)서희건설,HT001,102.58,74.96,73,3,2,41,계단식,1040400,1833120,208080,584640,0,0,0,,214200,223025,,"13억 5,000",,,,,,,서울우솔초등학교,B100005830,서울특별시 서초구 우면동 554-1,공립,단설,20130301,서울특별시교육청,http://woosol.sen.es.kr,20230531,20.3,20.7,331,248,20230531,2,42,4,4,4,4,5,5,80,82,78,100,111,,2,8,26,579,2,3,0,0,20230531,26,,0,0.0,20230531,직영,3611,875,680116000,37.45698082,127.0196098,1165010300,서울시,19.8,17.4,서초구,23.0,20.9,5,120.0,269.0,
7,서초힐스,102AN㎡,서울시 서초구 우면동,1165010300,773,서울시 서초구 양재대로2길 90,37.45746,127.018151,1082,0,25,12,208,17,1274,(주)서희건설,HT001,102.58,74.96,73,3,2,13,계단식,1022400,1805220,204480,578340,0,0,0,,214200,223025,,"13억 5,000",,,,,,,서울우솔초등학교,B100005830,서울특별시 서초구 우면동 554-1,공립,단설,20130301,서울특별시교육청,http://woosol.sen.es.kr,20230531,20.3,20.7,331,248,20230531,2,42,4,4,4,4,5,5,80,82,78,100,111,,2,8,26,579,2,3,0,0,20230531,26,,0,0.0,20230531,직영,3611,875,680116000,37.45698082,127.0196098,1165010300,서울시,19.8,17.4,서초구,23.0,20.9,5,120.0,269.0,
8,서초힐스,116D㎡,서울시 서초구 우면동,1165010300,773,서울시 서초구 양재대로2길 90,37.45746,127.018151,1082,0,25,12,208,17,1274,(주)서희건설,HT001,116.27,84.96,73,3,2,175,계단식,1224000,2117700,244800,648900,0,0,0,,242775,252777,"14억 5,000",15억,,,,3억/170,,3억/170,서울우솔초등학교,B100005830,서울특별시 서초구 우면동 554-1,공립,단설,20130301,서울특별시교육청,http://woosol.sen.es.kr,20230531,20.3,20.7,331,248,20230531,2,42,4,4,4,4,5,5,80,82,78,100,111,,2,8,26,579,2,3,0,0,20230531,26,,0,0.0,20230531,직영,3611,875,680116000,37.45698082,127.0196098,1165010300,서울시,19.8,17.4,서초구,23.0,20.9,5,120.0,269.0,
9,서초힐스,116A1㎡,서울시 서초구 우면동,1165010300,773,서울시 서초구 양재대로2길 90,37.45746,127.018151,1082,0,25,12,208,17,1274,(주)서희건설,HT001,116.25,84.95,73,3,2,139,계단식,1188000,2061900,237600,636300,0,0,0,,242746,252748,"15억 3,000",16억,,8억,,,,,서울우솔초등학교,B100005830,서울특별시 서초구 우면동 554-1,공립,단설,20130301,서울특별시교육청,http://woosol.sen.es.kr,20230531,20.3,20.7,331,248,20230531,2,42,4,4,4,4,5,5,80,82,78,100,111,,2,8,26,579,2,3,0,0,20230531,26,,0,0.0,20230531,직영,3611,875,680116000,37.45698082,127.0196098,1165010300,서울시,19.8,17.4,서초구,23.0,20.9,5,120.0,269.0,
10,서초힐스,116B㎡,서울시 서초구 우면동,1165010300,773,서울시 서초구 양재대로2길 90,37.45746,127.018151,1082,0,25,12,208,17,1274,(주)서희건설,HT001,116.28,84.97,73,3,2,100,계단식,1206000,2089800,241200,642600,0,0,0,,242804,252807,,15억,,,,,,,서울우솔초등학교,B100005830,서울특별시 서초구 우면동 554-1,공립,단설,20130301,서울특별시교육청,http://woosol.sen.es.kr,20230531,20.3,20.7,331,248,20230531,2,42,4,4,4,4,5,5,80,82,78,100,111,,2,8,26,579,2,3,0,0,20230531,26,,0,0.0,20230531,직영,3611,875,680116000,37.45698082,127.0196098,1165010300,서울시,19.8,17.4,서초구,23.0,20.9,5,120.0,269.0,
11,서초힐스,116A㎡,서울시 서초구 우면동,1165010300,773,서울시 서초구 양재대로2길 90,37.45746,127.018151,1082,0,25,12,208,17,1274,(주)서희건설,HT001,116.29,84.98,73,3,2,67,계단식,1238400,2140020,247680,653940,0,0,0,,242832,252837,"13억 9,000","17억 5,000","7억 5,000",8억,,,,,서울우솔초등학교,B100005830,서울특별시 서초구 우면동 554-1,공립,단설,20130301,서울특별시교육청,http://woosol.sen.es.kr,20230531,20.3,20.7,331,248,20230531,2,42,4,4,4,4,5,5,80,82,78,100,111,,2,8,26,579,2,3,0,0,20230531,26,,0,0.0,20230531,직영,3611,875,680116000,37.45698082,127.0196098,1165010300,서울시,19.8,17.4,서초구,23.0,20.9,5,120.0,269.0,
12,서초힐스,116DN㎡,서울시 서초구 우면동,1165010300,773,서울시 서초구 양재대로2길 90,37.45746,127.018151,1082,0,25,12,208,17,1274,(주)서희건설,HT001,116.27,84.96,73,3,2,25,계단식,1224000,2117700,244800,648900,0,0,0,,242775,252777,,,,,,,,,서울우솔초등학교,B100005830,서울특별시 서초구 우면동 554-1,공립,단설,20130301,서울특별시교육청,http://woosol.sen.es.kr,20230531,20.3,20.7,331,248,20230531,2,42,4,4,4,4,5,5,80,82,78,100,111,,2,8,26,579,2,3,0,0,20230531,26,,0,0.0,20230531,직영,3611,875,680116000,37.45698082,127.0196098,1165010300,서울시,19.8,17.4,서초구,23.0,20.9,5,120.0,269.0,
13,서초힐스,116C,서울시 서초구 우면동,1165010300,773,서울시 서초구 양재대로2길 90,37.45746,127.018151,1082,0,25,12,208,17,1274,(주)서희건설,HT001,116.23,84.93,73,3,2,16,계단식,1263600,2179080,252720,662760,0,0,0,,242689,252688,,,,,,,,,서울우솔초등학교,B100005830,서울특별시 서초구 우면동 554-1,공립,단설,20130301,서울특별시교육청,http://woosol.sen.es.kr,20230531,20.3,20.7,331,248,20230531,2,42,4,4,4,4,5,5,80,82,78,100,111,,2,8,26,579,2,3,0,0,20230531,26,,0,0.0,20230531,직영,3611,875,680116000,37.45698082,127.0196098,1165010300,서울시,19.8,17.4,서초구,23.0,20.9,5,120.0,269.0,
0,우리집(도시형),19㎡,서울시 서초구 우면동,1165010300,6-3,서울시 서초구 바우뫼로4길 12,37.469276,127.025779,10,0,6,6,199,56,5,금보종합건설(주),HT001,19.95,14.46,72,1,1,1,계단식,70800,179040,14160,94080,0,0,0,,,,,,,,,,,,서울우암초등학교,B100000778,서울특별시 서초구 우면동 58번지,공립,병설,19940805,서울특별시교육청,http://wooam.sen.es.kr,20230531,15.4,16.8,137,115,20230531,2,22,3,2,2,2,2,2,47,41,37,39,41,,2,8,13,252,0,3,0,0,20230531,9,,0,0.0,20230531,직영,3480,374,422272000,37.47194976,127.02449962,1165010300,서울시,19.8,17.4,서초구,23.0,20.9,5,39.0,115.0,
1,우리집(도시형),24㎡,서울시 서초구 우면동,1165010300,6-3,서울시 서초구 바우뫼로4길 12,37.469276,127.025779,10,0,6,6,199,56,5,금보종합건설(주),HT001,24.21,17.55,72,1,1,1,계단식,93300,227040,18660,115080,0,0,0,,,,,,,,,,,,서울우암초등학교,B100000778,서울특별시 서초구 우면동 58번지,공립,병설,19940805,서울특별시교육청,http://wooam.sen.es.kr,20230531,15.4,16.8,137,115,20230531,2,22,3,2,2,2,2,2,47,41,37,39,41,,2,8,13,252,0,3,0,0,20230531,9,,0,0.0,20230531,직영,3480,374,422272000,37.47194976,127.02449962,1165010300,서울시,19.8,17.4,서초구,23.0,20.9,5,39.0,115.0,
2,우리집(도시형),34A㎡,서울시 서초구 우면동,1165010300,6-3,서울시 서초구 바우뫼로4길 12,37.469276,127.025779,10,0,6,6,199,56,5,금보종합건설(주),HT001,34.89,25.29,72,1,1,1,계단식,146400,340320,29280,164640,0,0,0,,,,,,,,,,,,서울우암초등학교,B100000778,서울특별시 서초구 우면동 58번지,공립,병설,19940805,서울특별시교육청,http://wooam.sen.es.kr,20230531,15.4,16.8,137,115,20230531,2,22,3,2,2,2,2,2,47,41,37,39,41,,2,8,13,252,0,3,0,0,20230531,9,,0,0.0,20230531,직영,3480,374,422272000,37.47194976,127.02449962,1165010300,서울시,19.8,17.4,서초구,23.0,20.9,5,39.0,115.0,
3,우리집(도시형),37B㎡,서울시 서초구 우면동,1165010300,6-3,서울시 서초구 바우뫼로4길 12,37.469276,127.025779,10,0,6,6,199,56,5,금보종합건설(주),HT001,37.42,27.13,73,1,1,1,계단식,159000,367200,31800,176400,0,0,0,,,,,,,,,,,,서울우암초등학교,B100000778,서울특별시 서초구 우면동 58번지,공립,병설,19940805,서울특별시교육청,http://wooam.sen.es.kr,20230531,15.4,16.8,137,115,20230531,2,22,3,2,2,2,2,2,47,41,37,39,41,,2,8,13,252,0,3,0,0,20230531,9,,0,0.0,20230531,직영,3480,374,422272000,37.47194976,127.02449962,1165010300,서울시,19.8,17.4,서초구,23.0,20.9,5,39.0,115.0,
4,우리집(도시형),38A㎡,서울시 서초구 우면동,1165010300,6-3,서울시 서초구 바우뫼로4길 12,37.469276,127.025779,10,0,6,6,199,56,5,금보종합건설(주),HT001,38.52,27.93,73,1,1,3,계단식,163500,376800,32700,180600,0,0,0,,,,,,,,,,,,서울우암초등학교,B100000778,서울특별시 서초구 우면동 58번지,공립,병설,19940805,서울특별시교육청,http://wooam.sen.es.kr,20230531,15.4,16.8,137,115,20230531,2,22,3,2,2,2,2,2,47,41,37,39,41,,2,8,13,252,0,3,0,0,20230531,9,,0,0.0,20230531,직영,3480,374,422272000,37.47194976,127.02449962,1165010300,서울시,19.8,17.4,서초구,23.0,20.9,5,39.0,115.0,
5,우리집(도시형),40B,서울시 서초구 우면동,1165010300,6-3,서울시 서초구 바우뫼로4길 12,37.469276,127.025779,10,0,6,6,199,56,5,금보종합건설(주),HT001,40.11,29.08,73,1,1,3,계단식,171600,394080,34320,188160,0,0,0,,,,,,,,,,,,서울우암초등학교,B100000778,서울특별시 서초구 우면동 58번지,공립,병설,19940805,서울특별시교육청,http://wooam.sen.es.kr,20230531,15.4,16.8,137,115,20230531,2,22,3,2,2,2,2,2,47,41,37,39,41,,2,8,13,252,0,3,0,0,20230531,9,,0,0.0,20230531,직영,3480,374,422272000,37.47194976,127.02449962,1165010300,서울시,19.8,17.4,서초구,23.0,20.9,5,39.0,115.0,
0,우면한라,78,서울시 서초구 우면동,1165010300,67,서울시 서초구 바우뫼로 33,37.471696,127.025664,252,0,6,6,120,28,221,한라건설(주),HT001,78.93,59.98,76,3,1,252,계단식,486670,1030670,97330,446670,0,0,0,,,,10억,13억,"4억 5,000","4억 7,000",,,,,서울우암초등학교,B100000778,서울특별시 서초구 우면동 58번지,공립,병설,19940805,서울특별시교육청,http://wooam.sen.es.kr,20230531,15.4,16.8,137,115,20230531,2,22,3,2,2,2,2,2,47,41,37,39,41,,2,8,13,252,0,3,0,0,20230531,9,,0,0.0,20230531,직영,3480,374,422272000,37.47194976,127.02449962,1165010300,서울시,19.8,17.4,서초구,23.0,20.9,2,39.0,115.0,
0,코오롱,73,서울시 서초구 우면동,1165010300,70,서울시 서초구 바우뫼로 53,37.472577,127.027654,300,0,6,6,122,21,308,코오롱건설(주),HT001,73.06,52.47,72,2,1,300,복도식,497700,1048320,99540,451080,0,0,0,,171932,167153,10억,13억,"4억 2,000","4억 9,000","5,000/160",2억/100,"5,000/160",2억/100,서울우암초등학교,B100000778,서울특별시 서초구 우면동 58번지,공립,병설,19940805,서울특별시교육청,http://wooam.sen.es.kr,20230531,15.4,16.8,137,115,20230531,2,22,3,2,2,2,2,2,47,41,37,39,41,,2,8,13,252,0,3,0,0,20230531,9,,0,0.0,20230531,직영,3480,374,422272000,37.47194976,127.02449962,1165010300,서울시,19.8,17.4,서초구,23.0,20.9,5,39.0,115.0,
