,아파트명,면적,법정동주소,b_code,지번주소,도로명주소,latitude,longitude,세대수,임대세대수,최고층,최저층,용적률,건폐율,주차대수,건설사,난방,공급면적,전용면적,전용율,방수,욕실수,해당면적_세대수,현관구조,재산세,재산세합계,지방교육세,재산세_도시지역분,종합부동산세,결정세액,농어촌특별세,가격,겨울관리비,여름관리비,최소_매매호가,최대_매매호가,최소_전세호가,최대_전세호가,최소_월세호가,최대_월세호가,최소_실거래가,최대_실거래가,학교명,학교코드,학교주소,학교유형,설립유형,설립일자,교육청,홈페이지,학생_통계_기준일,교사당_학생_수,교실당_학생_수,남학생_수,여학생_수,교직원_통계_기준일,남교사_수,여교사_수,1학년_교실_수,2학년_교실_수,3학년_교실_수,4학년_교실_수,5학년_교실_수,6학년_교실_수,1학년_학생_수,2학년_학생_수,3학년_학생_수,4학년_학생_수,5학년_학생_수,6학년_학생_수,특수_교실_수,특수_교실_학생_수,총_교실_수,총_학생_수,남성_교직원_수,여성_교직원_수,내담자_상담사_수,외부_상담사_수,방과후_교실_통계_기준일,방과후 프로그램 수,방과후_학생_수,도서관_도서_수,학생_당_도서_수,급식_서비스_통계_기준일,급식_서비스_운영_방식,급식_서비스_학생당_가격,급식_서비스_지원_학생_수,급식_서비스_연간_지원_금액,학교_위도,학교_경도,행정동_코드,시도명,평균_교실_당_학생_수(시도),평균_교사_당_학생_수(시도),구군명,평균_교실_당_학생_수(구군),평균_교사_당_학생_수(구군),도보_이동_시간(분),남교사 수,6학년 학생 수,방과후_학생 _수
0,남산애지앙,51㎡,서울시 용산구 후암동,1117010100,1-10,서울시 용산구 후암로34길 31-17,37.552407,126.978336,18,0,5,3,233,57,21,신주종합건설(주),HT001,51.43,44.88,87,3,1,3,계단식,105450,316170,21090,189630,0,0,0,,,,,,,,,,,,,,,,,,,,,,,,,,,,,,,,,,,,,,,,,,,,,,,,,,,,,,,,,,,,,,,,,,,,,,
1,남산애지앙,71㎡,서울시 용산구 후암동,1117010100,1-10,서울시 용산구 후암로34길 31-17,37.552407,126.978336,18,0,5,3,233,57,21,신주종합건설(주),HT001,71.85,62.7,87,3,2,1,계단식,179100,466290,35820,251370,0,0,0,,,,,,,,,,,,,,,,,,,,,,,,,,,,,,,,,,,,,,,,,,,,,,,,,,,,,,,,,,,,,,,,,,,,,,
2,남산애지앙,77㎡,서울시 용산구 후암동,1117010100,1-10,서울시 용산구 후암로34길 31-17,37.552407,126.978336,18,0,5,3,233,57,21,신주종합건설(주),HT001,77.26,67.42,87,3,2,1,계단식,211500,527850,42300,274050,0,0,0,,,,,,,,,,,,,,,,,,,,,,,,,,,,,,,,,,,,,,,,,,,,,,,,,,,,,,,,,,,,,,,,,,,,,,
3,남산애지앙,88㎡,서울시 용산구 후암동,1117010100,1-10,서울시 용산구 후암로34길 31-17,37.552407,126.978336,18,0,5,3,233,57,21,신주종합건설(주),HT001,88.98,77.65,87,3,2,3,계단식,232200,567180,46440,288540,0,0,0,,,,,,,,,,,,,,,,,,,,,,,,,,,,,,,,,,,,,,,,,,,,,,,,,,,,,,,,,,,,,,,,,,,,,,
4,남산애지앙,98㎡,서울시 용산구 후암동,1117010100,1-10,서울시 용산구 후암로34길 31-17,37.552407,126.978336,18,0,5,3,233,57,21,신주종합건설(주),HT001,98.45,85.92,87,3,2,1,계단식,269100,637290,53820,314370,0,0,0,,,,,,,,,,,,,,,,,,,,,,,,,,,,,,,,,,,,,,,,,,,,,,,,,,,,,,,,,,,,,,,,,,,,,,
5,남산애지앙,101A㎡,서울시 용산구 후암동,1117010100,1-10,서울시 용산구 후암로34길 31-17,37.552407,126.978336,18,0,5,3,233,57,21,신주종합건설(주),HT001,101.93,88.95,87,4,2,1,계단식,295200,686880,59040,332640,0,0,0,,,,,,,,,,,,,,,,,,,,,,,,,,,,,,,,,,,,,,,,,,,,,,,,,,,,,,,,,,,,,,,,,,,,,,
6,남산애지앙,103B㎡,서울시 용산구 후암동,1117010100,1-10,서울시 용산구 후암로34길 31-17,37.552407,126.978336,18,0,5,3,233,57,21,신주종합건설(주),HT001,103.73,90.52,87,4,2,1,계단식,310500,715950,62100,343350,0,0,0,,,,,"8억 5,000",,,,,,,,,,,,,,,,,,,,,,,,,,,,,,,,,,,,,,,,,,,,,,,,,,,,,,,,,,,,,,,,,
7,남산애지앙,125A㎡,서울시 용산구 후암동,1117010100,1-10,서울시 용산구 후암로34길 31-17,37.552407,126.978336,18,0,5,3,233,57,21,신주종합건설(주),HT001,125.05,109.12,87,5,3,1,계단식,328500,750150,65700,355950,0,0,0,,,,,,,,,,,,,,,,,,,,,,,,,,,,,,,,,,,,,,,,,,,,,,,,,,,,,,,,,,,,,,,,,,,,,,
8,남산애지앙,126B㎡,서울시 용산구 후암동,1117010100,1-10,서울시 용산구 후암로34길 31-17,37.552407,126.978336,18,0,5,3,233,57,21,신주종합건설(주),HT001,126.55,110.43,87,5,3,3,계단식,318600,731340,63720,349020,0,0,0,,,,,,,,,,,,,,,,,,,,,,,,,,,,,,,,,,,,,,,,,,,,,,,,,,,,,,,,,,,,,,,,,,,,,,
9,남산애지앙,144㎡,서울시 용산구 후암동,1117010100,1-10,서울시 용산구 후암로34길 31-17,37.552407,126.978336,18,0,5,3,233,57,21,신주종합건설(주),HT001,144.01,125.67,87,5,3,1,계단식,347400,786060,69480,369180,0,0,0,,,,,,,,,,,,,,,,,,,,,,,,,,,,,,,,,,,,,,,,,,,,,,,,,,,,,,,,,,,,,,,,,,,,,,
10,남산애지앙,149,서울시 용산구 후암동,1117010100,1-10,서울시 용산구 후암로34길 31-17,37.552407,126.978336,18,0,5,3,233,57,21,신주종합건설(주),HT001,149.18,130.18,87,5,3,2,계단식,337500,767250,67500,362250,0,0,0,,,,,,,,,,,,,,,,,,,,,,,,,,,,,,,,,,,,,,,,,,,,,,,,,,,,,,,,,,,,,,,,,,,,,,
0,뉴후암,34㎡,서울시 용산구 후암동,1117010100,426,서울시 용산구 후암로 71,37.551299,126.975184,29,0,5,5,0,0,0,,HT001,34.74,34.74,100,1,1,2,계단식,,,,,,,,,,,,,,,,,,,서울삼광초등학교,B100002381,서울특별시 용산구 후암동 190-2,혁신,단설,19451101,서울특별시교육청,http://seoulsamkwang.sen.es.kr,20230531,17.1,18.2,202,181,20230531,6,34,4,3,3,3,3,4,49,63,64,68,66,,1,6,20,383,2,3,0,0,20230531,11,,0,0.0,20230531,직영,3550,461,453397000,37.54723795,126.97668432,1117010100,서울시,19.8,17.4,용산구,17.0,15.2,11,,67.0,147.0
1,뉴후암,34㎡,서울시 용산구 후암동,1117010100,426,서울시 용산구 후암로 71,37.551299,126.975184,29,0,5,5,0,0,0,,HT001,34.38,34.38,100,2,1,1,복도식,,,,,,,,,,,,,,,,,,,서울삼광초등학교,B100002381,서울특별시 용산구 후암동 190-2,혁신,단설,19451101,서울특별시교육청,http://seoulsamkwang.sen.es.kr,20230531,17.1,18.2,202,181,20230531,6,34,4,3,3,3,3,4,49,63,64,68,66,,1,6,20,383,2,3,0,0,20230531,11,,0,0.0,20230531,직영,3550,461,453397000,37.54723795,126.97668432,1117010100,서울시,19.8,17.4,용산구,17.0,15.2,11,,67.0,147.0
2,뉴후암,39A㎡,서울시 용산구 후암동,1117010100,426,서울시 용산구 후암로 71,37.551299,126.975184,29,0,5,5,0,0,0,,HT001,39.67,39.67,100,1,1,2,계단식,,,,,,,,,,,,"4억 2,000",,,,,,,서울삼광초등학교,B100002381,서울특별시 용산구 후암동 190-2,혁신,단설,19451101,서울특별시교육청,http://seoulsamkwang.sen.es.kr,20230531,17.1,18.2,202,181,20230531,6,34,4,3,3,3,3,4,49,63,64,68,66,,1,6,20,383,2,3,0,0,20230531,11,,0,0.0,20230531,직영,3550,461,453397000,37.54723795,126.97668432,1117010100,서울시,19.8,17.4,용산구,17.0,15.2,11,,67.0,147.0
3,뉴후암,40B㎡,서울시 용산구 후암동,1117010100,426,서울시 용산구 후암로 71,37.551299,126.975184,29,0,5,5,0,0,0,,HT001,40.03,40.03,100,1,1,1,계단식,,,,,,,,,,,,,,,,,,,서울삼광초등학교,B100002381,서울특별시 용산구 후암동 190-2,혁신,단설,19451101,서울특별시교육청,http://seoulsamkwang.sen.es.kr,20230531,17.1,18.2,202,181,20230531,6,34,4,3,3,3,3,4,49,63,64,68,66,,1,6,20,383,2,3,0,0,20230531,11,,0,0.0,20230531,직영,3550,461,453397000,37.54723795,126.97668432,1117010100,서울시,19.8,17.4,용산구,17.0,15.2,11,,67.0,147.0
4,뉴후암,40C㎡,서울시 용산구 후암동,1117010100,426,서울시 용산구 후암로 71,37.551299,126.975184,29,0,5,5,0,0,0,,HT001,40.99,40.99,100,1,1,1,계단식,,,,,,,,,,,,,,,,,,,서울삼광초등학교,B100002381,서울특별시 용산구 후암동 190-2,혁신,단설,19451101,서울특별시교육청,http://seoulsamkwang.sen.es.kr,20230531,17.1,18.2,202,181,20230531,6,34,4,3,3,3,3,4,49,63,64,68,66,,1,6,20,383,2,3,0,0,20230531,11,,0,0.0,20230531,직영,3550,461,453397000,37.54723795,126.97668432,1117010100,서울시,19.8,17.4,용산구,17.0,15.2,11,,67.0,147.0
5,뉴후암,42A㎡,서울시 용산구 후암동,1117010100,426,서울시 용산구 후암로 71,37.551299,126.975184,29,0,5,5,0,0,0,,HT001,42.98,42.98,100,2,1,2,복도식,,,,,,,,,,,,"5억 8,000",,,,,,,서울삼광초등학교,B100002381,서울특별시 용산구 후암동 190-2,혁신,단설,19451101,서울특별시교육청,http://seoulsamkwang.sen.es.kr,20230531,17.1,18.2,202,181,20230531,6,34,4,3,3,3,3,4,49,63,64,68,66,,1,6,20,383,2,3,0,0,20230531,11,,0,0.0,20230531,직영,3550,461,453397000,37.54723795,126.97668432,1117010100,서울시,19.8,17.4,용산구,17.0,15.2,11,,67.0,147.0
6,뉴후암,44B㎡,서울시 용산구 후암동,1117010100,426,서울시 용산구 후암로 71,37.551299,126.975184,29,0,5,5,0,0,0,,HT001,44.3,44.3,100,1,1,5,계단식,,,,,,,,,,,,6억,,,,,,,서울삼광초등학교,B100002381,서울특별시 용산구 후암동 190-2,혁신,단설,19451101,서울특별시교육청,http://seoulsamkwang.sen.es.kr,20230531,17.1,18.2,202,181,20230531,6,34,4,3,3,3,3,4,49,63,64,68,66,,1,6,20,383,2,3,0,0,20230531,11,,0,0.0,20230531,직영,3550,461,453397000,37.54723795,126.97668432,1117010100,서울시,19.8,17.4,용산구,17.0,15.2,11,,67.0,147.0
7,뉴후암,45㎡,서울시 용산구 후암동,1117010100,426,서울시 용산구 후암로 71,37.551299,126.975184,29,0,5,5,0,0,0,,HT001,45.59,45.59,100,2,1,1,복도식,,,,,,,,,,,,4억,,,,,,,서울삼광초등학교,B100002381,서울특별시 용산구 후암동 190-2,혁신,단설,19451101,서울특별시교육청,http://seoulsamkwang.sen.es.kr,20230531,17.1,18.2,202,181,20230531,6,34,4,3,3,3,3,4,49,63,64,68,66,,1,6,20,383,2,3,0,0,20230531,11,,0,0.0,20230531,직영,3550,461,453397000,37.54723795,126.97668432,1117010100,서울시,19.8,17.4,용산구,17.0,15.2,11,,67.0,147.0
8,뉴후암,52㎡,서울시 용산구 후암동,1117010100,426,서울시 용산구 후암로 71,37.551299,126.975184,29,0,5,5,0,0,0,,HT001,52.89,52.89,100,1,1,3,계단식,,,,,,,,,,,,,,,,,,,서울삼광초등학교,B100002381,서울특별시 용산구 후암동 190-2,혁신,단설,19451101,서울특별시교육청,http://seoulsamkwang.sen.es.kr,20230531,17.1,18.2,202,181,20230531,6,34,4,3,3,3,3,4,49,63,64,68,66,,1,6,20,383,2,3,0,0,20230531,11,,0,0.0,20230531,직영,3550,461,453397000,37.54723795,126.97668432,1117010100,서울시,19.8,17.4,용산구,17.0,15.2,11,,67.0,147.0
9,뉴후암,56㎡,서울시 용산구 후암동,1117010100,426,서울시 용산구 후암로 71,37.551299,126.975184,29,0,5,5,0,0,0,,HT001,56.2,56.2,100,2,1,1,복도식,,,,,,,,,,,,,,,,,,,서울삼광초등학교,B100002381,서울특별시 용산구 후암동 190-2,혁신,단설,19451101,서울특별시교육청,http://seoulsamkwang.sen.es.kr,20230531,17.1,18.2,202,181,20230531,6,34,4,3,3,3,3,4,49,63,64,68,66,,1,6,20,383,2,3,0,0,20230531,11,,0,0.0,20230531,직영,3550,461,453397000,37.54723795,126.97668432,1117010100,서울시,19.8,17.4,용산구,17.0,15.2,11,,67.0,147.0
10,뉴후암,61㎡,서울시 용산구 후암동,1117010100,426,서울시 용산구 후암로 71,37.551299,126.975184,29,0,5,5,0,0,0,,HT001,61.16,61.16,100,2,1,2,복도식,,,,,,,,,,,,,,,,,,,서울삼광초등학교,B100002381,서울특별시 용산구 후암동 190-2,혁신,단설,19451101,서울특별시교육청,http://seoulsamkwang.sen.es.kr,20230531,17.1,18.2,202,181,20230531,6,34,4,3,3,3,3,4,49,63,64,68,66,,1,6,20,383,2,3,0,0,20230531,11,,0,0.0,20230531,직영,3550,461,453397000,37.54723795,126.97668432,1117010100,서울시,19.8,17.4,용산구,17.0,15.2,11,,67.0,147.0
11,뉴후암,67㎡,서울시 용산구 후암동,1117010100,426,서울시 용산구 후암로 71,37.551299,126.975184,29,0,5,5,0,0,0,,HT001,67.11,67.11,100,3,1,4,복도식,,,,,,,,,,,,,,,,,,,서울삼광초등학교,B100002381,서울특별시 용산구 후암동 190-2,혁신,단설,19451101,서울특별시교육청,http://seoulsamkwang.sen.es.kr,20230531,17.1,18.2,202,181,20230531,6,34,4,3,3,3,3,4,49,63,64,68,66,,1,6,20,383,2,3,0,0,20230531,11,,0,0.0,20230531,직영,3550,461,453397000,37.54723795,126.97668432,1117010100,서울시,19.8,17.4,용산구,17.0,15.2,11,,67.0,147.0
12,뉴후암,69,서울시 용산구 후암동,1117010100,426,서울시 용산구 후암로 71,37.551299,126.975184,29,0,5,5,0,0,0,,HT001,69.42,69.42,100,2,1,4,계단식,,,,,,,,,,,,7억,,,,,,,서울삼광초등학교,B100002381,서울특별시 용산구 후암동 190-2,혁신,단설,19451101,서울특별시교육청,http://seoulsamkwang.sen.es.kr,20230531,17.1,18.2,202,181,20230531,6,34,4,3,3,3,3,4,49,63,64,68,66,,1,6,20,383,2,3,0,0,20230531,11,,0,0.0,20230531,직영,3550,461,453397000,37.54723795,126.97668432,1117010100,서울시,19.8,17.4,용산구,17.0,15.2,11,,67.0,147.0
0,몬테피오레,96㎡,서울시 용산구 후암동,1117010100,41-1,서울시 용산구 두텁바위로69길 29,37.550976,126.979489,19,0,5,4,189,56,19,건원종합개발(주),HT001,96.16,75.14,78,3,2,1,계단식,211500,527850,42300,274050,0,0,0,,,,,,,,,,,,서울후암초등학교,B100002401,서울특별시 용산구 후암동 339번지,공립,단설,19670301,서울특별시교육청,http://huam.sen.es.kr,20230531,13.4,14.2,154,116,20230531,5,30,3,3,2,3,3,3,42,43,34,45,58,,2,9,17,270,2,2,0,0,20230531,6,,0,0.0,20230531,직영,3479,480,474987000,37.55104472,126.98214682,1117010100,서울시,19.8,17.4,용산구,17.0,15.2,4,,39.0,56.0
1,몬테피오레,100A㎡,서울시 용산구 후암동,1117010100,41-1,서울시 용산구 두텁바위로69길 29,37.550976,126.979489,19,0,5,4,189,56,19,건원종합개발(주),HT001,100.37,79.86,80,3,2,1,계단식,237600,577440,47520,292320,0,0,0,,,,,,,,,,,,서울후암초등학교,B100002401,서울특별시 용산구 후암동 339번지,공립,단설,19670301,서울특별시교육청,http://huam.sen.es.kr,20230531,13.4,14.2,154,116,20230531,5,30,3,3,2,3,3,3,42,43,34,45,58,,2,9,17,270,2,2,0,0,20230531,6,,0,0.0,20230531,직영,3479,480,474987000,37.55104472,126.98214682,1117010100,서울시,19.8,17.4,용산구,17.0,15.2,4,,39.0,56.0
2,몬테피오레,100B㎡,서울시 용산구 후암동,1117010100,41-1,서울시 용산구 두텁바위로69길 29,37.550976,126.979489,19,0,5,4,189,56,19,건원종합개발(주),HT001,100.07,80.24,80,3,2,1,계단식,237600,577440,47520,292320,0,0,0,,,,,,,,,,,,서울후암초등학교,B100002401,서울특별시 용산구 후암동 339번지,공립,단설,19670301,서울특별시교육청,http://huam.sen.es.kr,20230531,13.4,14.2,154,116,20230531,5,30,3,3,2,3,3,3,42,43,34,45,58,,2,9,17,270,2,2,0,0,20230531,6,,0,0.0,20230531,직영,3479,480,474987000,37.55104472,126.98214682,1117010100,서울시,19.8,17.4,용산구,17.0,15.2,4,,39.0,56.0
3,몬테피오레,101A㎡,서울시 용산구 후암동,1117010100,41-1,서울시 용산구 두텁바위로69길 29,37.550976,126.979489,19,0,5,4,189,56,19,건원종합개발(주),HT001,101.48,80.12,79,3,2,3,계단식,237600,577440,47520,292320,0,0,0,,,,,,,,,,,,서울후암초등학교,B100002401,서울특별시 용산구 후암동 339번지,공립,단설,19670301,서울특별시교육청,http://huam.sen.es.kr,20230531,13.4,14.2,154,116,20230531,5,30,3,3,2,3,3,3,42,43,34,45,58,,2,9,17,270,2,2,0,0,20230531,6,,0,0.0,20230531,직영,3479,480,474987000,37.55104472,126.98214682,1117010100,서울시,19.8,17.4,용산구,17.0,15.2,4,,39.0,56.0
4,몬테피오레,101B㎡,서울시 용산구 후암동,1117010100,41-1,서울시 용산구 두텁바위로69길 29,37.550976,126.979489,19,0,5,4,189,56,19,건원종합개발(주),HT001,101.51,80.26,79,3,2,1,계단식,237600,577440,47520,292320,0,0,0,,,,,,,,,,,,서울후암초등학교,B100002401,서울특별시 용산구 후암동 339번지,공립,단설,19670301,서울특별시교육청,http://huam.sen.es.kr,20230531,13.4,14.2,154,116,20230531,5,30,3,3,2,3,3,3,42,43,34,45,58,,2,9,17,270,2,2,0,0,20230531,6,,0,0.0,20230531,직영,3479,480,474987000,37.55104472,126.98214682,1117010100,서울시,19.8,17.4,용산구,17.0,15.2,4,,39.0,56.0
5,몬테피오레,102D㎡,서울시 용산구 후암동,1117010100,41-1,서울시 용산구 두텁바위로69길 29,37.550976,126.979489,19,0,5,4,189,56,19,건원종합개발(주),HT001,102.06,81.28,80,3,2,3,계단식,237600,577440,47520,292320,0,0,0,,,,,,,,,,,,서울후암초등학교,B100002401,서울특별시 용산구 후암동 339번지,공립,단설,19670301,서울특별시교육청,http://huam.sen.es.kr,20230531,13.4,14.2,154,116,20230531,5,30,3,3,2,3,3,3,42,43,34,45,58,,2,9,17,270,2,2,0,0,20230531,6,,0,0.0,20230531,직영,3479,480,474987000,37.55104472,126.98214682,1117010100,서울시,19.8,17.4,용산구,17.0,15.2,4,,39.0,56.0
6,몬테피오레,102C㎡,서울시 용산구 후암동,1117010100,41-1,서울시 용산구 두텁바위로69길 29,37.550976,126.979489,19,0,5,4,189,56,19,건원종합개발(주),HT001,102.79,80.72,79,3,2,1,계단식,245700,592830,49140,297990,0,0,0,,,,,,,,,,,,서울후암초등학교,B100002401,서울특별시 용산구 후암동 339번지,공립,단설,19670301,서울특별시교육청,http://huam.sen.es.kr,20230531,13.4,14.2,154,116,20230531,5,30,3,3,2,3,3,3,42,43,34,45,58,,2,9,17,270,2,2,0,0,20230531,6,,0,0.0,20230531,직영,3479,480,474987000,37.55104472,126.98214682,1117010100,서울시,19.8,17.4,용산구,17.0,15.2,4,,39.0,56.0
7,몬테피오레,102E㎡,서울시 용산구 후암동,1117010100,41-1,서울시 용산구 두텁바위로69길 29,37.550976,126.979489,19,0,5,4,189,56,19,건원종합개발(주),HT001,102.33,82.06,80,3,2,1,계단식,237600,577440,47520,292320,0,0,0,,,,,,,,,,,,서울후암초등학교,B100002401,서울특별시 용산구 후암동 339번지,공립,단설,19670301,서울특별시교육청,http://huam.sen.es.kr,20230531,13.4,14.2,154,116,20230531,5,30,3,3,2,3,3,3,42,43,34,45,58,,2,9,17,270,2,2,0,0,20230531,6,,0,0.0,20230531,직영,3479,480,474987000,37.55104472,126.98214682,1117010100,서울시,19.8,17.4,용산구,17.0,15.2,4,,39.0,56.0
8,몬테피오레,102F㎡,서울시 용산구 후암동,1117010100,41-1,서울시 용산구 두텁바위로69길 29,37.550976,126.979489,19,0,5,4,189,56,19,건원종합개발(주),HT001,102.58,82.1,80,3,2,1,계단식,245700,592830,49140,297990,0,0,0,,,,,,,,,,,,서울후암초등학교,B100002401,서울특별시 용산구 후암동 339번지,공립,단설,19670301,서울특별시교육청,http://huam.sen.es.kr,20230531,13.4,14.2,154,116,20230531,5,30,3,3,2,3,3,3,42,43,34,45,58,,2,9,17,270,2,2,0,0,20230531,6,,0,0.0,20230531,직영,3479,480,474987000,37.55104472,126.98214682,1117010100,서울시,19.8,17.4,용산구,17.0,15.2,4,,39.0,56.0
9,몬테피오레,103G㎡,서울시 용산구 후암동,1117010100,41-1,서울시 용산구 두텁바위로69길 29,37.550976,126.979489,19,0,5,4,189,56,19,건원종합개발(주),HT001,103.04,83.04,81,3,2,4,계단식,245700,592830,49140,297990,0,0,0,,,,,,,,,,,,서울후암초등학교,B100002401,서울특별시 용산구 후암동 339번지,공립,단설,19670301,서울특별시교육청,http://huam.sen.es.kr,20230531,13.4,14.2,154,116,20230531,5,30,3,3,2,3,3,3,42,43,34,45,58,,2,9,17,270,2,2,0,0,20230531,6,,0,0.0,20230531,직영,3479,480,474987000,37.55104472,126.98214682,1117010100,서울시,19.8,17.4,용산구,17.0,15.2,4,,39.0,56.0
10,몬테피오레,104H,서울시 용산구 후암동,1117010100,41-1,서울시 용산구 두텁바위로69길 29,37.550976,126.979489,19,0,5,4,189,56,19,건원종합개발(주),HT001,104.06,84.04,81,3,2,2,계단식,245700,592830,49140,297990,0,0,0,,,,,,,,,,,,서울후암초등학교,B100002401,서울특별시 용산구 후암동 339번지,공립,단설,19670301,서울특별시교육청,http://huam.sen.es.kr,20230531,13.4,14.2,154,116,20230531,5,30,3,3,2,3,3,3,42,43,34,45,58,,2,9,17,270,2,2,0,0,20230531,6,,0,0.0,20230531,직영,3479,480,474987000,37.55104472,126.98214682,1117010100,서울시,19.8,17.4,용산구,17.0,15.2,4,,39.0,56.0
0,미소가,147㎡,서울시 용산구 후암동,1117010100,55-24,서울시 용산구 후암로28다길 7-5,37.55005,126.979087,8,0,5,4,221,56,15,(주)종합건설 에이페,HT001,147.78,135.2,91,5,3,1,계단식,441000,957600,88200,428400,0,0,0,,,,,,,,,,,,,,,,,,,,,,,,,,,,,,,,,,,,,,,,,,,,,,,,,,,,,,,,,,,,,,,,,,,,,,
1,미소가,156A㎡,서울시 용산구 후암동,1117010100,55-24,서울시 용산구 후암로28다길 7-5,37.55005,126.979087,8,0,5,4,221,56,15,(주)종합건설 에이페,HT001,156.5,143.18,91,5,3,2,계단식,474075,1010520,94815,441630,0,0,0,,,,,,,,,,,,,,,,,,,,,,,,,,,,,,,,,,,,,,,,,,,,,,,,,,,,,,,,,,,,,,,,,,,,,,
2,미소가,156B㎡,서울시 용산구 후암동,1117010100,55-24,서울시 용산구 후암로28다길 7-5,37.55005,126.979087,8,0,5,4,221,56,15,(주)종합건설 에이페,HT001,156.53,143.21,91,5,3,1,계단식,478800,1018080,95760,443520,0,0,0,,,,,,,,,,,,,,,,,,,,,,,,,,,,,,,,,,,,,,,,,,,,,,,,,,,,,,,,,,,,,,,,,,,,,,
3,미소가,158㎡,서울시 용산구 후암동,1117010100,55-24,서울시 용산구 후암로28다길 7-5,37.55005,126.979087,8,0,5,4,221,56,15,(주)종합건설 에이페,HT001,158.76,145.25,91,5,3,2,계단식,480375,1020600,96075,444150,0,0,0,,,,,,,,,,,,,,,,,,,,,,,,,,,,,,,,,,,,,,,,,,,,,,,,,,,,,,,,,,,,,,,,,,,,,,
4,미소가,175㎡,서울시 용산구 후암동,1117010100,55-24,서울시 용산구 후암로28다길 7-5,37.55005,126.979087,8,0,5,4,221,56,15,(주)종합건설 에이페,HT001,175.53,160.58,91,5,3,1,계단식,713475,1393560,142695,537390,0,0,0,,,,,,,,,,,,,,,,,,,,,,,,,,,,,,,,,,,,,,,,,,,,,,,,,,,,,,,,,,,,,,,,,,,,,,
5,미소가,186,서울시 용산구 후암동,1117010100,55-24,서울시 용산구 후암로28다길 7-5,37.55005,126.979087,8,0,5,4,221,56,15,(주)종합건설 에이페,HT001,186.39,170.53,91,5,3,1,계단식,752850,1456560,150570,553140,0,0,0,,,,,,,,,,,,,,,,,,,,,,,,,,,,,,,,,,,,,,,,,,,,,,,,,,,,,,,,,,,,,,,,,,,,,,
0,브라운스톤남산,183B㎡,서울시 용산구 후암동,1117010100,458,서울시 용산구 후암로 65,37.551733,126.976343,90,0,5,5,168,36,245,이수건설(주),HT001,183.19,162.06,88,3,2,5,계단식,1470600,2499930,294120,735210,202608,168840,33768,,,,,"18억 5,000",,,,,,,서울삼광초등학교,B100002381,서울특별시 용산구 후암동 190-2,혁신,단설,19451101,서울특별시교육청,http://seoulsamkwang.sen.es.kr,20230531,17.1,18.2,202,181,20230531,6,34,4,3,3,3,3,4,49,63,64,68,66,,1,6,20,383,2,3,0,0,20230531,11,,0,0.0,20230531,직영,3550,461,453397000,37.54723795,126.97668432,1117010100,서울시,19.8,17.4,용산구,17.0,15.2,7,,67.0,147.0
1,브라운스톤남산,184A㎡,서울시 용산구 후암동,1117010100,458,서울시 용산구 후암로 65,37.551733,126.976343,90,0,5,5,168,36,245,이수건설(주),HT001,184.32,163.27,89,3,2,15,계단식,1470600,2499930,294120,735210,202608,168840,33768,,,,,20억,,,,"8,000/330",,"8,000/330",서울삼광초등학교,B100002381,서울특별시 용산구 후암동 190-2,혁신,단설,19451101,서울특별시교육청,http://seoulsamkwang.sen.es.kr,20230531,17.1,18.2,202,181,20230531,6,34,4,3,3,3,3,4,49,63,64,68,66,,1,6,20,383,2,3,0,0,20230531,11,,0,0.0,20230531,직영,3550,461,453397000,37.54723795,126.97668432,1117010100,서울시,19.8,17.4,용산구,17.0,15.2,7,,67.0,147.0
2,브라운스톤남산,184C㎡,서울시 용산구 후암동,1117010100,458,서울시 용산구 후암로 65,37.551733,126.976343,90,0,5,5,168,36,245,이수건설(주),HT001,184.06,162.5,88,3,2,1,계단식,1375200,2352060,275040,701820,42336,35280,7056,,,,,,,,,,,,서울삼광초등학교,B100002381,서울특별시 용산구 후암동 190-2,혁신,단설,19451101,서울특별시교육청,http://seoulsamkwang.sen.es.kr,20230531,17.1,18.2,202,181,20230531,6,34,4,3,3,3,3,4,49,63,64,68,66,,1,6,20,383,2,3,0,0,20230531,11,,0,0.0,20230531,직영,3550,461,453397000,37.54723795,126.97668432,1117010100,서울시,19.8,17.4,용산구,17.0,15.2,7,,67.0,147.0
3,브라운스톤남산,187A㎡,서울시 용산구 후암동,1117010100,458,서울시 용산구 후암로 65,37.551733,126.976343,90,0,5,5,168,36,245,이수건설(주),HT001,187.77,166.56,89,3,2,40,계단식,1517400,2572470,303480,751590,281232,234360,46872,,,,,,,"8억 5,000",,,,,서울삼광초등학교,B100002381,서울특별시 용산구 후암동 190-2,혁신,단설,19451101,서울특별시교육청,http://seoulsamkwang.sen.es.kr,20230531,17.1,18.2,202,181,20230531,6,34,4,3,3,3,3,4,49,63,64,68,66,,1,6,20,383,2,3,0,0,20230531,11,,0,0.0,20230531,직영,3550,461,453397000,37.54723795,126.97668432,1117010100,서울시,19.8,17.4,용산구,17.0,15.2,7,,67.0,147.0
4,브라운스톤남산,187B㎡,서울시 용산구 후암동,1117010100,458,서울시 용산구 후암로 65,37.551733,126.976343,90,0,5,5,168,36,245,이수건설(주),HT001,187.77,166.67,89,3,2,10,계단식,1517400,2572470,303480,751590,281232,234360,46872,,,,,,,,,,,,서울삼광초등학교,B100002381,서울특별시 용산구 후암동 190-2,혁신,단설,19451101,서울특별시교육청,http://seoulsamkwang.sen.es.kr,20230531,17.1,18.2,202,181,20230531,6,34,4,3,3,3,3,4,49,63,64,68,66,,1,6,20,383,2,3,0,0,20230531,11,,0,0.0,20230531,직영,3550,461,453397000,37.54723795,126.97668432,1117010100,서울시,19.8,17.4,용산구,17.0,15.2,7,,67.0,147.0
5,브라운스톤남산,187C㎡,서울시 용산구 후암동,1117010100,458,서울시 용산구 후암로 65,37.551733,126.976343,90,0,5,5,168,36,245,이수건설(주),HT001,187.87,166.1,88,3,2,5,계단식,1517400,2572470,303480,751590,281232,234360,46872,,,,,,,,,,,,서울삼광초등학교,B100002381,서울특별시 용산구 후암동 190-2,혁신,단설,19451101,서울특별시교육청,http://seoulsamkwang.sen.es.kr,20230531,17.1,18.2,202,181,20230531,6,34,4,3,3,3,3,4,49,63,64,68,66,,1,6,20,383,2,3,0,0,20230531,11,,0,0.0,20230531,직영,3550,461,453397000,37.54723795,126.97668432,1117010100,서울시,19.8,17.4,용산구,17.0,15.2,7,,67.0,147.0
6,브라운스톤남산,188C㎡,서울시 용산구 후암동,1117010100,458,서울시 용산구 후암로 65,37.551733,126.976343,90,0,5,5,168,36,245,이수건설(주),HT001,188.89,166.98,88,3,2,4,계단식,1560600,2639430,312120,766710,353808,294840,58968,,,,,"19억 5,000",,,,,,,서울삼광초등학교,B100002381,서울특별시 용산구 후암동 190-2,혁신,단설,19451101,서울특별시교육청,http://seoulsamkwang.sen.es.kr,20230531,17.1,18.2,202,181,20230531,6,34,4,3,3,3,3,4,49,63,64,68,66,,1,6,20,383,2,3,0,0,20230531,11,,0,0.0,20230531,직영,3550,461,453397000,37.54723795,126.97668432,1117010100,서울시,19.8,17.4,용산구,17.0,15.2,7,,67.0,147.0
7,브라운스톤남산,189A㎡,서울시 용산구 후암동,1117010100,458,서울시 용산구 후암로 65,37.551733,126.976343,90,0,5,5,168,36,245,이수건설(주),HT001,189.98,168.41,89,3,2,8,계단식,1560600,2639430,312120,766710,353808,294840,58968,,,,,,,,,,,,서울삼광초등학교,B100002381,서울특별시 용산구 후암동 190-2,혁신,단설,19451101,서울특별시교육청,http://seoulsamkwang.sen.es.kr,20230531,17.1,18.2,202,181,20230531,6,34,4,3,3,3,3,4,49,63,64,68,66,,1,6,20,383,2,3,0,0,20230531,11,,0,0.0,20230531,직영,3550,461,453397000,37.54723795,126.97668432,1117010100,서울시,19.8,17.4,용산구,17.0,15.2,7,,67.0,147.0
8,브라운스톤남산,189B,서울시 용산구 후암동,1117010100,458,서울시 용산구 후암로 65,37.551733,126.976343,90,0,5,5,168,36,245,이수건설(주),HT001,189.98,168.41,89,3,2,2,계단식,1503000,2550150,300600,746550,257040,214200,42840,,,,,,,,,,,,서울삼광초등학교,B100002381,서울특별시 용산구 후암동 190-2,혁신,단설,19451101,서울특별시교육청,http://seoulsamkwang.sen.es.kr,20230531,17.1,18.2,202,181,20230531,6,34,4,3,3,3,3,4,49,63,64,68,66,,1,6,20,383,2,3,0,0,20230531,11,,0,0.0,20230531,직영,3550,461,453397000,37.54723795,126.97668432,1117010100,서울시,19.8,17.4,용산구,17.0,15.2,7,,67.0,147.0
0,삼안리츠8차,81㎡,서울시 용산구 후암동,1117010100,143-23,서울시 용산구 한강대로102다길 26,37.548302,126.974379,9,0,5,4,213,50,10,(주)삼안종건,HT001,81.98,73.92,90,3,1,1,계단식,,,,,,,,,,,,,,,,,,,서울삼광초등학교,B100002381,서울특별시 용산구 후암동 190-2,혁신,단설,19451101,서울특별시교육청,http://seoulsamkwang.sen.es.kr,20230531,17.1,18.2,202,181,20230531,6,34,4,3,3,3,3,4,49,63,64,68,66,,1,6,20,383,2,3,0,0,20230531,11,,0,0.0,20230531,직영,3550,461,453397000,37.54723795,126.97668432,1117010100,서울시,19.8,17.4,용산구,17.0,15.2,6,,67.0,147.0
1,삼안리츠8차,93A㎡,서울시 용산구 후암동,1117010100,143-23,서울시 용산구 한강대로102다길 26,37.548302,126.974379,9,0,5,4,213,50,10,(주)삼안종건,HT001,93.12,83.97,90,3,2,3,계단식,,,,,,,,,,,,,,,,,,,서울삼광초등학교,B100002381,서울특별시 용산구 후암동 190-2,혁신,단설,19451101,서울특별시교육청,http://seoulsamkwang.sen.es.kr,20230531,17.1,18.2,202,181,20230531,6,34,4,3,3,3,3,4,49,63,64,68,66,,1,6,20,383,2,3,0,0,20230531,11,,0,0.0,20230531,직영,3550,461,453397000,37.54723795,126.97668432,1117010100,서울시,19.8,17.4,용산구,17.0,15.2,6,,67.0,147.0
2,삼안리츠8차,93B㎡,서울시 용산구 후암동,1117010100,143-23,서울시 용산구 한강대로102다길 26,37.548302,126.974379,9,0,5,4,213,50,10,(주)삼안종건,HT001,93.72,84.51,90,3,2,1,계단식,,,,,,,,,,,,,,,,,,,서울삼광초등학교,B100002381,서울특별시 용산구 후암동 190-2,혁신,단설,19451101,서울특별시교육청,http://seoulsamkwang.sen.es.kr,20230531,17.1,18.2,202,181,20230531,6,34,4,3,3,3,3,4,49,63,64,68,66,,1,6,20,383,2,3,0,0,20230531,11,,0,0.0,20230531,직영,3550,461,453397000,37.54723795,126.97668432,1117010100,서울시,19.8,17.4,용산구,17.0,15.2,6,,67.0,147.0
3,삼안리츠8차,94C㎡,서울시 용산구 후암동,1117010100,143-23,서울시 용산구 한강대로102다길 26,37.548302,126.974379,9,0,5,4,213,50,10,(주)삼안종건,HT001,94.02,84.78,90,3,2,3,계단식,,,,,,,,,,,,,,,,,,,서울삼광초등학교,B100002381,서울특별시 용산구 후암동 190-2,혁신,단설,19451101,서울특별시교육청,http://seoulsamkwang.sen.es.kr,20230531,17.1,18.2,202,181,20230531,6,34,4,3,3,3,3,4,49,63,64,68,66,,1,6,20,383,2,3,0,0,20230531,11,,0,0.0,20230531,직영,3550,461,453397000,37.54723795,126.97668432,1117010100,서울시,19.8,17.4,용산구,17.0,15.2,6,,67.0,147.0
4,삼안리츠8차,98,서울시 용산구 후암동,1117010100,143-23,서울시 용산구 한강대로102다길 26,37.548302,126.974379,9,0,5,4,213,50,10,(주)삼안종건,HT001,98.11,88.47,90,3,2,1,계단식,,,,,,,,,,,,,,,,,,,서울삼광초등학교,B100002381,서울특별시 용산구 후암동 190-2,혁신,단설,19451101,서울특별시교육청,http://seoulsamkwang.sen.es.kr,20230531,17.1,18.2,202,181,20230531,6,34,4,3,3,3,3,4,49,63,64,68,66,,1,6,20,383,2,3,0,0,20230531,11,,0,0.0,20230531,직영,3550,461,453397000,37.54723795,126.97668432,1117010100,서울시,19.8,17.4,용산구,17.0,15.2,6,,67.0,147.0
0,신주에지앙,102A㎡,서울시 용산구 후암동,1117010100,302,서울시 용산구 후암로28마길 2,37.549397,126.980223,19,0,5,4,203,46,32,신주종합건설,HT001,102.9,89.6,87,3,2,1,계단식,231300,565470,46260,287910,0,0,0,,,,,,,,,,,,서울후암초등학교,B100002401,서울특별시 용산구 후암동 339번지,공립,단설,19670301,서울특별시교육청,http://huam.sen.es.kr,20230531,13.4,14.2,154,116,20230531,5,30,3,3,2,3,3,3,42,43,34,45,58,,2,9,17,270,2,2,0,0,20230531,6,,0,0.0,20230531,직영,3479,480,474987000,37.55104472,126.98214682,1117010100,서울시,19.8,17.4,용산구,17.0,15.2,5,,39.0,56.0
1,신주에지앙,103B㎡,서울시 용산구 후암동,1117010100,302,서울시 용산구 후암로28마길 2,37.549397,126.980223,19,0,5,4,203,46,32,신주종합건설,HT001,103.59,90.2,87,3,2,1,계단식,231300,565470,46260,287910,0,0,0,,,,,,,,,,,,서울후암초등학교,B100002401,서울특별시 용산구 후암동 339번지,공립,단설,19670301,서울특별시교육청,http://huam.sen.es.kr,20230531,13.4,14.2,154,116,20230531,5,30,3,3,2,3,3,3,42,43,34,45,58,,2,9,17,270,2,2,0,0,20230531,6,,0,0.0,20230531,직영,3479,480,474987000,37.55104472,126.98214682,1117010100,서울시,19.8,17.4,용산구,17.0,15.2,5,,39.0,56.0
2,신주에지앙,105㎡,서울시 용산구 후암동,1117010100,302,서울시 용산구 후암로28마길 2,37.549397,126.980223,19,0,5,4,203,46,32,신주종합건설,HT001,105.62,91.96,87,3,2,4,계단식,244800,591120,48960,297360,0,0,0,,,,,,,,,,,,서울후암초등학교,B100002401,서울특별시 용산구 후암동 339번지,공립,단설,19670301,서울특별시교육청,http://huam.sen.es.kr,20230531,13.4,14.2,154,116,20230531,5,30,3,3,2,3,3,3,42,43,34,45,58,,2,9,17,270,2,2,0,0,20230531,6,,0,0.0,20230531,직영,3479,480,474987000,37.55104472,126.98214682,1117010100,서울시,19.8,17.4,용산구,17.0,15.2,5,,39.0,56.0
3,신주에지앙,122㎡,서울시 용산구 후암동,1117010100,302,서울시 용산구 후암로28마길 2,37.549397,126.980223,19,0,5,4,203,46,32,신주종합건설,HT001,122.69,106.83,87,3,2,1,계단식,258300,616770,51660,306810,0,0,0,,,,,,,,,,,,서울후암초등학교,B100002401,서울특별시 용산구 후암동 339번지,공립,단설,19670301,서울특별시교육청,http://huam.sen.es.kr,20230531,13.4,14.2,154,116,20230531,5,30,3,3,2,3,3,3,42,43,34,45,58,,2,9,17,270,2,2,0,0,20230531,6,,0,0.0,20230531,직영,3479,480,474987000,37.55104472,126.98214682,1117010100,서울시,19.8,17.4,용산구,17.0,15.2,5,,39.0,56.0
4,신주에지앙,123A㎡,서울시 용산구 후암동,1117010100,302,서울시 용산구 후암로28마길 2,37.549397,126.980223,19,0,5,4,203,46,32,신주종합건설,HT001,123.98,107.96,87,3,2,3,계단식,258300,616770,51660,306810,0,0,0,,,,,,,,,,,,서울후암초등학교,B100002401,서울특별시 용산구 후암동 339번지,공립,단설,19670301,서울특별시교육청,http://huam.sen.es.kr,20230531,13.4,14.2,154,116,20230531,5,30,3,3,2,3,3,3,42,43,34,45,58,,2,9,17,270,2,2,0,0,20230531,6,,0,0.0,20230531,직영,3479,480,474987000,37.55104472,126.98214682,1117010100,서울시,19.8,17.4,용산구,17.0,15.2,5,,39.0,56.0
5,신주에지앙,126B㎡,서울시 용산구 후암동,1117010100,302,서울시 용산구 후암로28마길 2,37.549397,126.980223,19,0,5,4,203,46,32,신주종합건설,HT001,126.64,110.28,87,3,2,1,계단식,265500,630450,53100,311850,0,0,0,,,,,,,,,,,,서울후암초등학교,B100002401,서울특별시 용산구 후암동 339번지,공립,단설,19670301,서울특별시교육청,http://huam.sen.es.kr,20230531,13.4,14.2,154,116,20230531,5,30,3,3,2,3,3,3,42,43,34,45,58,,2,9,17,270,2,2,0,0,20230531,6,,0,0.0,20230531,직영,3479,480,474987000,37.55104472,126.98214682,1117010100,서울시,19.8,17.4,용산구,17.0,15.2,5,,39.0,56.0
6,신주에지앙,127㎡,서울시 용산구 후암동,1117010100,302,서울시 용산구 후암로28마길 2,37.549397,126.980223,19,0,5,4,203,46,32,신주종합건설,HT001,127.93,111.4,87,3,2,3,계단식,265500,630450,53100,311850,0,0,0,,,,,,,,,,,,서울후암초등학교,B100002401,서울특별시 용산구 후암동 339번지,공립,단설,19670301,서울특별시교육청,http://huam.sen.es.kr,20230531,13.4,14.2,154,116,20230531,5,30,3,3,2,3,3,3,42,43,34,45,58,,2,9,17,270,2,2,0,0,20230531,6,,0,0.0,20230531,직영,3479,480,474987000,37.55104472,126.98214682,1117010100,서울시,19.8,17.4,용산구,17.0,15.2,5,,39.0,56.0
7,신주에지앙,155㎡,서울시 용산구 후암동,1117010100,302,서울시 용산구 후암로28마길 2,37.549397,126.980223,19,0,5,4,203,46,32,신주종합건설,HT001,155.83,135.69,87,4,2,1,계단식,344700,780930,68940,367290,0,0,0,,,,,,,,,,,,서울후암초등학교,B100002401,서울특별시 용산구 후암동 339번지,공립,단설,19670301,서울특별시교육청,http://huam.sen.es.kr,20230531,13.4,14.2,154,116,20230531,5,30,3,3,2,3,3,3,42,43,34,45,58,,2,9,17,270,2,2,0,0,20230531,6,,0,0.0,20230531,직영,3479,480,474987000,37.55104472,126.98214682,1117010100,서울시,19.8,17.4,용산구,17.0,15.2,5,,39.0,56.0
8,신주에지앙,193㎡,서울시 용산구 후암동,1117010100,302,서울시 용산구 후암로28마길 2,37.549397,126.980223,19,0,5,4,203,46,32,신주종합건설,HT001,193.73,168.69,87,4,2,1,계단식,600075,1212120,120015,492030,0,0,0,,,,,,,,,,,,서울후암초등학교,B100002401,서울특별시 용산구 후암동 339번지,공립,단설,19670301,서울특별시교육청,http://huam.sen.es.kr,20230531,13.4,14.2,154,116,20230531,5,30,3,3,2,3,3,3,42,43,34,45,58,,2,9,17,270,2,2,0,0,20230531,6,,0,0.0,20230531,직영,3479,480,474987000,37.55104472,126.98214682,1117010100,서울시,19.8,17.4,용산구,17.0,15.2,5,,39.0,56.0
9,신주에지앙,204,서울시 용산구 후암동,1117010100,302,서울시 용산구 후암로28마길 2,37.549397,126.980223,19,0,5,4,203,46,32,신주종합건설,HT001,204.06,177.69,87,4,2,3,계단식,628425,1257480,125685,503370,0,0,0,,,,,,,,,,,,서울후암초등학교,B100002401,서울특별시 용산구 후암동 339번지,공립,단설,19670301,서울특별시교육청,http://huam.sen.es.kr,20230531,13.4,14.2,154,116,20230531,5,30,3,3,2,3,3,3,42,43,34,45,58,,2,9,17,270,2,2,0,0,20230531,6,,0,0.0,20230531,직영,3479,480,474987000,37.55104472,126.98214682,1117010100,서울시,19.8,17.4,용산구,17.0,15.2,5,,39.0,56.0
0,신후암,5㎡,서울시 용산구 후암동,1117010100,244-86,서울시 용산구 후암로28길 10,37.549881,126.97784,25,0,6,6,0,0,0,,HT001,5.19,5.19,100,1,1,1,계단식,,,,,,,,,,,,,,,,,,,서울후암초등학교,B100002401,서울특별시 용산구 후암동 339번지,공립,단설,19670301,서울특별시교육청,http://huam.sen.es.kr,20230531,13.4,14.2,154,116,20230531,5,30,3,3,2,3,3,3,42,43,34,45,58,,2,9,17,270,2,2,0,0,20230531,6,,0,0.0,20230531,직영,3479,480,474987000,37.55104472,126.98214682,1117010100,서울시,19.8,17.4,용산구,17.0,15.2,6,,39.0,56.0
1,신후암,21㎡,서울시 용산구 후암동,1117010100,244-86,서울시 용산구 후암로28길 10,37.549881,126.97784,25,0,6,6,0,0,0,,HT001,21.12,21.12,100,1,1,1,계단식,,,,,,,,,,,,,,,,,,,서울후암초등학교,B100002401,서울특별시 용산구 후암동 339번지,공립,단설,19670301,서울특별시교육청,http://huam.sen.es.kr,20230531,13.4,14.2,154,116,20230531,5,30,3,3,2,3,3,3,42,43,34,45,58,,2,9,17,270,2,2,0,0,20230531,6,,0,0.0,20230531,직영,3479,480,474987000,37.55104472,126.98214682,1117010100,서울시,19.8,17.4,용산구,17.0,15.2,6,,39.0,56.0
2,신후암,25㎡,서울시 용산구 후암동,1117010100,244-86,서울시 용산구 후암로28길 10,37.549881,126.97784,25,0,6,6,0,0,0,,HT001,25.06,25.06,100,2,1,1,계단식,,,,,,,,,,,,,,,,,,,서울후암초등학교,B100002401,서울특별시 용산구 후암동 339번지,공립,단설,19670301,서울특별시교육청,http://huam.sen.es.kr,20230531,13.4,14.2,154,116,20230531,5,30,3,3,2,3,3,3,42,43,34,45,58,,2,9,17,270,2,2,0,0,20230531,6,,0,0.0,20230531,직영,3479,480,474987000,37.55104472,126.98214682,1117010100,서울시,19.8,17.4,용산구,17.0,15.2,6,,39.0,56.0
3,신후암,49㎡,서울시 용산구 후암동,1117010100,244-86,서울시 용산구 후암로28길 10,37.549881,126.97784,25,0,6,6,0,0,0,,HT001,49.03,49.03,100,2,1,5,계단식,,,,,,,,,,,,,,,,,,,서울후암초등학교,B100002401,서울특별시 용산구 후암동 339번지,공립,단설,19670301,서울특별시교육청,http://huam.sen.es.kr,20230531,13.4,14.2,154,116,20230531,5,30,3,3,2,3,3,3,42,43,34,45,58,,2,9,17,270,2,2,0,0,20230531,6,,0,0.0,20230531,직영,3479,480,474987000,37.55104472,126.98214682,1117010100,서울시,19.8,17.4,용산구,17.0,15.2,6,,39.0,56.0
4,신후암,60㎡,서울시 용산구 후암동,1117010100,244-86,서울시 용산구 후암로28길 10,37.549881,126.97784,25,0,6,6,0,0,0,,HT001,60.03,60.03,100,2,1,1,계단식,,,,,,,,,,,,,,,,,,,서울후암초등학교,B100002401,서울특별시 용산구 후암동 339번지,공립,단설,19670301,서울특별시교육청,http://huam.sen.es.kr,20230531,13.4,14.2,154,116,20230531,5,30,3,3,2,3,3,3,42,43,34,45,58,,2,9,17,270,2,2,0,0,20230531,6,,0,0.0,20230531,직영,3479,480,474987000,37.55104472,126.98214682,1117010100,서울시,19.8,17.4,용산구,17.0,15.2,6,,39.0,56.0
5,신후암,61㎡,서울시 용산구 후암동,1117010100,244-86,서울시 용산구 후암로28길 10,37.549881,126.97784,25,0,6,6,0,0,0,,HT001,61.85,61.85,100,2,1,5,계단식,,,,,,,,,,,,,,,,,,,서울후암초등학교,B100002401,서울특별시 용산구 후암동 339번지,공립,단설,19670301,서울특별시교육청,http://huam.sen.es.kr,20230531,13.4,14.2,154,116,20230531,5,30,3,3,2,3,3,3,42,43,34,45,58,,2,9,17,270,2,2,0,0,20230531,6,,0,0.0,20230531,직영,3479,480,474987000,37.55104472,126.98214682,1117010100,서울시,19.8,17.4,용산구,17.0,15.2,6,,39.0,56.0
6,신후암,66B㎡,서울시 용산구 후암동,1117010100,244-86,서울시 용산구 후암로28길 10,37.549881,126.97784,25,0,6,6,0,0,0,,HT001,66.51,66.51,100,3,1,4,계단식,,,,,,,,,,,,,,,,,,,서울후암초등학교,B100002401,서울특별시 용산구 후암동 339번지,공립,단설,19670301,서울특별시교육청,http://huam.sen.es.kr,20230531,13.4,14.2,154,116,20230531,5,30,3,3,2,3,3,3,42,43,34,45,58,,2,9,17,270,2,2,0,0,20230531,6,,0,0.0,20230531,직영,3479,480,474987000,37.55104472,126.98214682,1117010100,서울시,19.8,17.4,용산구,17.0,15.2,6,,39.0,56.0
7,신후암,66A㎡,서울시 용산구 후암동,1117010100,244-86,서울시 용산구 후암로28길 10,37.549881,126.97784,25,0,6,6,0,0,0,,HT001,66.08,66.08,100,3,1,1,계단식,,,,,,,,,,,,,,,,,,,서울후암초등학교,B100002401,서울특별시 용산구 후암동 339번지,공립,단설,19670301,서울특별시교육청,http://huam.sen.es.kr,20230531,13.4,14.2,154,116,20230531,5,30,3,3,2,3,3,3,42,43,34,45,58,,2,9,17,270,2,2,0,0,20230531,6,,0,0.0,20230531,직영,3479,480,474987000,37.55104472,126.98214682,1117010100,서울시,19.8,17.4,용산구,17.0,15.2,6,,39.0,56.0
8,신후암,67㎡,서울시 용산구 후암동,1117010100,244-86,서울시 용산구 후암로28길 10,37.549881,126.97784,25,0,6,6,0,0,0,,HT001,67.84,67.84,100,3,1,1,계단식,,,,,,,,,,,,,,,,,,,서울후암초등학교,B100002401,서울특별시 용산구 후암동 339번지,공립,단설,19670301,서울특별시교육청,http://huam.sen.es.kr,20230531,13.4,14.2,154,116,20230531,5,30,3,3,2,3,3,3,42,43,34,45,58,,2,9,17,270,2,2,0,0,20230531,6,,0,0.0,20230531,직영,3479,480,474987000,37.55104472,126.98214682,1117010100,서울시,19.8,17.4,용산구,17.0,15.2,6,,39.0,56.0
9,신후암,124,서울시 용산구 후암동,1117010100,244-86,서울시 용산구 후암로28길 10,37.549881,126.97784,25,0,6,6,0,0,0,,HT001,124.5,124.5,100,3,2,5,계단식,,,,,,,,,,,,,,,,,,,서울후암초등학교,B100002401,서울특별시 용산구 후암동 339번지,공립,단설,19670301,서울특별시교육청,http://huam.sen.es.kr,20230531,13.4,14.2,154,116,20230531,5,30,3,3,2,3,3,3,42,43,34,45,58,,2,9,17,270,2,2,0,0,20230531,6,,0,0.0,20230531,직영,3479,480,474987000,37.55104472,126.98214682,1117010100,서울시,19.8,17.4,용산구,17.0,15.2,6,,39.0,56.0
0,오페라하우스,80㎡,서울시 용산구 후암동,1117010100,244-100,서울시 용산구 후암로22길 24,37.548852,126.978709,38,0,4,4,0,0,26,성신그린건설(주),HT001,80.67,72.91,90,3,1,1,계단식,,,,,,,,,,,,,,,,,,,서울후암초등학교,B100002401,서울특별시 용산구 후암동 339번지,공립,단설,19670301,서울특별시교육청,http://huam.sen.es.kr,20230531,13.4,14.2,154,116,20230531,5,30,3,3,2,3,3,3,42,43,34,45,58,,2,9,17,270,2,2,0,0,20230531,6,,0,0.0,20230531,직영,3479,480,474987000,37.55104472,126.98214682,1117010100,서울시,19.8,17.4,용산구,17.0,15.2,6,,39.0,56.0
1,오페라하우스,83A㎡,서울시 용산구 후암동,1117010100,244-100,서울시 용산구 후암로22길 24,37.548852,126.978709,38,0,4,4,0,0,26,성신그린건설(주),HT001,83.08,75.08,90,3,2,1,계단식,,,,,,,,,,,,,,,,,,,서울후암초등학교,B100002401,서울특별시 용산구 후암동 339번지,공립,단설,19670301,서울특별시교육청,http://huam.sen.es.kr,20230531,13.4,14.2,154,116,20230531,5,30,3,3,2,3,3,3,42,43,34,45,58,,2,9,17,270,2,2,0,0,20230531,6,,0,0.0,20230531,직영,3479,480,474987000,37.55104472,126.98214682,1117010100,서울시,19.8,17.4,용산구,17.0,15.2,6,,39.0,56.0
2,오페라하우스,83B㎡,서울시 용산구 후암동,1117010100,244-100,서울시 용산구 후암로22길 24,37.548852,126.978709,38,0,4,4,0,0,26,성신그린건설(주),HT001,83.77,75.71,90,3,2,1,계단식,,,,,,,,,,,,,,,,,,,서울후암초등학교,B100002401,서울특별시 용산구 후암동 339번지,공립,단설,19670301,서울특별시교육청,http://huam.sen.es.kr,20230531,13.4,14.2,154,116,20230531,5,30,3,3,2,3,3,3,42,43,34,45,58,,2,9,17,270,2,2,0,0,20230531,6,,0,0.0,20230531,직영,3479,480,474987000,37.55104472,126.98214682,1117010100,서울시,19.8,17.4,용산구,17.0,15.2,6,,39.0,56.0
3,오페라하우스,87㎡,서울시 용산구 후암동,1117010100,244-100,서울시 용산구 후암로22길 24,37.548852,126.978709,38,0,4,4,0,0,26,성신그린건설(주),HT001,87.33,78.93,90,3,2,2,계단식,,,,,,,,,,,,,,,,,,,서울후암초등학교,B100002401,서울특별시 용산구 후암동 339번지,공립,단설,19670301,서울특별시교육청,http://huam.sen.es.kr,20230531,13.4,14.2,154,116,20230531,5,30,3,3,2,3,3,3,42,43,34,45,58,,2,9,17,270,2,2,0,0,20230531,6,,0,0.0,20230531,직영,3479,480,474987000,37.55104472,126.98214682,1117010100,서울시,19.8,17.4,용산구,17.0,15.2,6,,39.0,56.0
4,오페라하우스,92A㎡,서울시 용산구 후암동,1117010100,244-100,서울시 용산구 후암로22길 24,37.548852,126.978709,38,0,4,4,0,0,26,성신그린건설(주),HT001,92.77,83.84,90,3,2,4,계단식,189600,432480,37920,204960,0,0,0,,,,,,,,,,,,서울후암초등학교,B100002401,서울특별시 용산구 후암동 339번지,공립,단설,19670301,서울특별시교육청,http://huam.sen.es.kr,20230531,13.4,14.2,154,116,20230531,5,30,3,3,2,3,3,3,42,43,34,45,58,,2,9,17,270,2,2,0,0,20230531,6,,0,0.0,20230531,직영,3479,480,474987000,37.55104472,126.98214682,1117010100,서울시,19.8,17.4,용산구,17.0,15.2,6,,39.0,56.0
5,오페라하우스,93B㎡,서울시 용산구 후암동,1117010100,244-100,서울시 용산구 후암로22길 24,37.548852,126.978709,38,0,4,4,0,0,26,성신그린건설(주),HT001,93.42,84.48,90,3,2,1,계단식,,,,,,,,,,,,,,,,,,,서울후암초등학교,B100002401,서울특별시 용산구 후암동 339번지,공립,단설,19670301,서울특별시교육청,http://huam.sen.es.kr,20230531,13.4,14.2,154,116,20230531,5,30,3,3,2,3,3,3,42,43,34,45,58,,2,9,17,270,2,2,0,0,20230531,6,,0,0.0,20230531,직영,3479,480,474987000,37.55104472,126.98214682,1117010100,서울시,19.8,17.4,용산구,17.0,15.2,6,,39.0,56.0
6,오페라하우스,93C㎡,서울시 용산구 후암동,1117010100,244-100,서울시 용산구 후암로22길 24,37.548852,126.978709,38,0,4,4,0,0,26,성신그린건설(주),HT001,93.9,84.86,90,3,2,1,계단식,,,,,,,,,,,,,,,,,,,서울후암초등학교,B100002401,서울특별시 용산구 후암동 339번지,공립,단설,19670301,서울특별시교육청,http://huam.sen.es.kr,20230531,13.4,14.2,154,116,20230531,5,30,3,3,2,3,3,3,42,43,34,45,58,,2,9,17,270,2,2,0,0,20230531,6,,0,0.0,20230531,직영,3479,480,474987000,37.55104472,126.98214682,1117010100,서울시,19.8,17.4,용산구,17.0,15.2,6,,39.0,56.0
7,오페라하우스,96A㎡,서울시 용산구 후암동,1117010100,244-100,서울시 용산구 후암로22길 24,37.548852,126.978709,38,0,4,4,0,0,26,성신그린건설(주),HT001,96.35,87.08,90,3,2,1,계단식,,,,,,,,,,,,,,,,,,,서울후암초등학교,B100002401,서울특별시 용산구 후암동 339번지,공립,단설,19670301,서울특별시교육청,http://huam.sen.es.kr,20230531,13.4,14.2,154,116,20230531,5,30,3,3,2,3,3,3,42,43,34,45,58,,2,9,17,270,2,2,0,0,20230531,6,,0,0.0,20230531,직영,3479,480,474987000,37.55104472,126.98214682,1117010100,서울시,19.8,17.4,용산구,17.0,15.2,6,,39.0,56.0
8,오페라하우스,97B㎡,서울시 용산구 후암동,1117010100,244-100,서울시 용산구 후암로22길 24,37.548852,126.978709,38,0,4,4,0,0,26,성신그린건설(주),HT001,97.12,87.77,90,3,2,1,계단식,,,,,,,,,,,,,,,,,,,서울후암초등학교,B100002401,서울특별시 용산구 후암동 339번지,공립,단설,19670301,서울특별시교육청,http://huam.sen.es.kr,20230531,13.4,14.2,154,116,20230531,5,30,3,3,2,3,3,3,42,43,34,45,58,,2,9,17,270,2,2,0,0,20230531,6,,0,0.0,20230531,직영,3479,480,474987000,37.55104472,126.98214682,1117010100,서울시,19.8,17.4,용산구,17.0,15.2,6,,39.0,56.0
9,오페라하우스,98A㎡,서울시 용산구 후암동,1117010100,244-100,서울시 용산구 후암로22길 24,37.548852,126.978709,38,0,4,4,0,0,26,성신그린건설(주),HT001,98.52,89.09,90,3,2,4,계단식,,,,,,,,,,,,,,,,,,,서울후암초등학교,B100002401,서울특별시 용산구 후암동 339번지,공립,단설,19670301,서울특별시교육청,http://huam.sen.es.kr,20230531,13.4,14.2,154,116,20230531,5,30,3,3,2,3,3,3,42,43,34,45,58,,2,9,17,270,2,2,0,0,20230531,6,,0,0.0,20230531,직영,3479,480,474987000,37.55104472,126.98214682,1117010100,서울시,19.8,17.4,용산구,17.0,15.2,6,,39.0,56.0
10,오페라하우스,100C㎡,서울시 용산구 후암동,1117010100,244-100,서울시 용산구 후암로22길 24,37.548852,126.978709,38,0,4,4,0,0,26,성신그린건설(주),HT001,100.72,91.03,90,3,2,4,계단식,219000,486240,43800,223440,0,0,0,,,,,,,,,,,,서울후암초등학교,B100002401,서울특별시 용산구 후암동 339번지,공립,단설,19670301,서울특별시교육청,http://huam.sen.es.kr,20230531,13.4,14.2,154,116,20230531,5,30,3,3,2,3,3,3,42,43,34,45,58,,2,9,17,270,2,2,0,0,20230531,6,,0,0.0,20230531,직영,3479,480,474987000,37.55104472,126.98214682,1117010100,서울시,19.8,17.4,용산구,17.0,15.2,6,,39.0,56.0
11,오페라하우스,100B㎡,서울시 용산구 후암동,1117010100,244-100,서울시 용산구 후암로22길 24,37.548852,126.978709,38,0,4,4,0,0,26,성신그린건설(주),HT001,100.69,91,90,3,2,2,계단식,,,,,,,,,,,,,,,,,,,서울후암초등학교,B100002401,서울특별시 용산구 후암동 339번지,공립,단설,19670301,서울특별시교육청,http://huam.sen.es.kr,20230531,13.4,14.2,154,116,20230531,5,30,3,3,2,3,3,3,42,43,34,45,58,,2,9,17,270,2,2,0,0,20230531,6,,0,0.0,20230531,직영,3479,480,474987000,37.55104472,126.98214682,1117010100,서울시,19.8,17.4,용산구,17.0,15.2,6,,39.0,56.0
12,오페라하우스,104㎡,서울시 용산구 후암동,1117010100,244-100,서울시 용산구 후암로22길 24,37.548852,126.978709,38,0,4,4,0,0,26,성신그린건설(주),HT001,104.47,94.47,90,3,2,1,계단식,,,,,,,,,,,,,,,,,,,서울후암초등학교,B100002401,서울특별시 용산구 후암동 339번지,공립,단설,19670301,서울특별시교육청,http://huam.sen.es.kr,20230531,13.4,14.2,154,116,20230531,5,30,3,3,2,3,3,3,42,43,34,45,58,,2,9,17,270,2,2,0,0,20230531,6,,0,0.0,20230531,직영,3479,480,474987000,37.55104472,126.98214682,1117010100,서울시,19.8,17.4,용산구,17.0,15.2,6,,39.0,56.0
13,오페라하우스,108A㎡,서울시 용산구 후암동,1117010100,244-100,서울시 용산구 후암로22길 24,37.548852,126.978709,38,0,4,4,0,0,26,성신그린건설(주),HT001,108.88,98.46,90,3,2,3,계단식,259500,557520,51900,246120,0,0,0,,,,,,,,,,,,서울후암초등학교,B100002401,서울특별시 용산구 후암동 339번지,공립,단설,19670301,서울특별시교육청,http://huam.sen.es.kr,20230531,13.4,14.2,154,116,20230531,5,30,3,3,2,3,3,3,42,43,34,45,58,,2,9,17,270,2,2,0,0,20230531,6,,0,0.0,20230531,직영,3479,480,474987000,37.55104472,126.98214682,1117010100,서울시,19.8,17.4,용산구,17.0,15.2,6,,39.0,56.0
14,오페라하우스,110B㎡,서울시 용산구 후암동,1117010100,244-100,서울시 용산구 후암로22길 24,37.548852,126.978709,38,0,4,4,0,0,26,성신그린건설(주),HT001,110.18,99.58,90,3,2,1,계단식,256500,552240,51300,244440,0,0,0,,,,,,,,,,,,서울후암초등학교,B100002401,서울특별시 용산구 후암동 339번지,공립,단설,19670301,서울특별시교육청,http://huam.sen.es.kr,20230531,13.4,14.2,154,116,20230531,5,30,3,3,2,3,3,3,42,43,34,45,58,,2,9,17,270,2,2,0,0,20230531,6,,0,0.0,20230531,직영,3479,480,474987000,37.55104472,126.98214682,1117010100,서울시,19.8,17.4,용산구,17.0,15.2,6,,39.0,56.0
15,오페라하우스,124㎡,서울시 용산구 후암동,1117010100,244-100,서울시 용산구 후암로22길 24,37.548852,126.978709,38,0,4,4,0,0,26,성신그린건설(주),HT001,124.11,112.23,90,3,2,1,계단식,,,,,,,,,,,,,,,,,,,서울후암초등학교,B100002401,서울특별시 용산구 후암동 339번지,공립,단설,19670301,서울특별시교육청,http://huam.sen.es.kr,20230531,13.4,14.2,154,116,20230531,5,30,3,3,2,3,3,3,42,43,34,45,58,,2,9,17,270,2,2,0,0,20230531,6,,0,0.0,20230531,직영,3479,480,474987000,37.55104472,126.98214682,1117010100,서울시,19.8,17.4,용산구,17.0,15.2,6,,39.0,56.0
16,오페라하우스,128C㎡,서울시 용산구 후암동,1117010100,244-100,서울시 용산구 후암로22길 24,37.548852,126.978709,38,0,4,4,0,0,26,성신그린건설(주),HT001,128.52,116.22,90,3,2,4,계단식,,,,,,,,,,,,,,,,,,,서울후암초등학교,B100002401,서울특별시 용산구 후암동 339번지,공립,단설,19670301,서울특별시교육청,http://huam.sen.es.kr,20230531,13.4,14.2,154,116,20230531,5,30,3,3,2,3,3,3,42,43,34,45,58,,2,9,17,270,2,2,0,0,20230531,6,,0,0.0,20230531,직영,3479,480,474987000,37.55104472,126.98214682,1117010100,서울시,19.8,17.4,용산구,17.0,15.2,6,,39.0,56.0
17,오페라하우스,128B㎡,서울시 용산구 후암동,1117010100,244-100,서울시 용산구 후암로22길 24,37.548852,126.978709,38,0,4,4,0,0,26,성신그린건설(주),HT001,128.34,116.06,90,3,2,1,계단식,336000,692160,67200,288960,0,0,0,,,,,,,,,,,,서울후암초등학교,B100002401,서울특별시 용산구 후암동 339번지,공립,단설,19670301,서울특별시교육청,http://huam.sen.es.kr,20230531,13.4,14.2,154,116,20230531,5,30,3,3,2,3,3,3,42,43,34,45,58,,2,9,17,270,2,2,0,0,20230531,6,,0,0.0,20230531,직영,3479,480,474987000,37.55104472,126.98214682,1117010100,서울시,19.8,17.4,용산구,17.0,15.2,6,,39.0,56.0
18,오페라하우스,129A㎡,서울시 용산구 후암동,1117010100,244-100,서울시 용산구 후암로22길 24,37.548852,126.978709,38,0,4,4,0,0,26,성신그린건설(주),HT001,129.63,117.22,90,3,2,3,계단식,,,,,,,,,,,,,,,,,,,서울후암초등학교,B100002401,서울특별시 용산구 후암동 339번지,공립,단설,19670301,서울특별시교육청,http://huam.sen.es.kr,20230531,13.4,14.2,154,116,20230531,5,30,3,3,2,3,3,3,42,43,34,45,58,,2,9,17,270,2,2,0,0,20230531,6,,0,0.0,20230531,직영,3479,480,474987000,37.55104472,126.98214682,1117010100,서울시,19.8,17.4,용산구,17.0,15.2,6,,39.0,56.0
19,오페라하우스,129D,서울시 용산구 후암동,1117010100,244-100,서울시 용산구 후암로22길 24,37.548852,126.978709,38,0,4,4,0,0,26,성신그린건설(주),HT001,129.44,117.05,90,4,2,1,계단식,342000,702720,68400,292320,0,0,0,,,,,,,,,,,,서울후암초등학교,B100002401,서울특별시 용산구 후암동 339번지,공립,단설,19670301,서울특별시교육청,http://huam.sen.es.kr,20230531,13.4,14.2,154,116,20230531,5,30,3,3,2,3,3,3,42,43,34,45,58,,2,9,17,270,2,2,0,0,20230531,6,,0,0.0,20230531,직영,3479,480,474987000,37.55104472,126.98214682,1117010100,서울시,19.8,17.4,용산구,17.0,15.2,6,,39.0,56.0
0,제일,52㎡,서울시 용산구 후암동,1117010100,438-7,서울시 용산구 후암로48길 16,37.552739,126.977077,10,0,5,5,199,47,10,원섭종합건설(주),HT001,52.39,45.3,86,2,1,1,계단식,107250,320850,21450,192150,0,0,0,,,,,,,,,,,,서울후암초등학교,B100002401,서울특별시 용산구 후암동 339번지,공립,단설,19670301,서울특별시교육청,http://huam.sen.es.kr,20230531,13.4,14.2,154,116,20230531,5,30,3,3,2,3,3,3,42,43,34,45,58,,2,9,17,270,2,2,0,0,20230531,6,,0,0.0,20230531,직영,3479,480,474987000,37.55104472,126.98214682,1117010100,서울시,19.8,17.4,용산구,17.0,15.2,7,,39.0,56.0
1,제일,56㎡,서울시 용산구 후암동,1117010100,438-7,서울시 용산구 후암로48길 16,37.552739,126.977077,10,0,5,5,199,47,10,원섭종합건설(주),HT001,56.65,48.99,86,2,1,1,계단식,114900,340740,22980,202860,0,0,0,,,,,,,,,,,,서울후암초등학교,B100002401,서울특별시 용산구 후암동 339번지,공립,단설,19670301,서울특별시교육청,http://huam.sen.es.kr,20230531,13.4,14.2,154,116,20230531,5,30,3,3,2,3,3,3,42,43,34,45,58,,2,9,17,270,2,2,0,0,20230531,6,,0,0.0,20230531,직영,3479,480,474987000,37.55104472,126.98214682,1117010100,서울시,19.8,17.4,용산구,17.0,15.2,7,,39.0,56.0
2,제일,72㎡,서울시 용산구 후암동,1117010100,438-7,서울시 용산구 후암로48길 16,37.552739,126.977077,10,0,5,5,199,47,10,원섭종합건설(주),HT001,72.47,62.67,86,2,1,1,복도식,163800,437220,32760,240660,0,0,0,,,,,,,,,,,,서울후암초등학교,B100002401,서울특별시 용산구 후암동 339번지,공립,단설,19670301,서울특별시교육청,http://huam.sen.es.kr,20230531,13.4,14.2,154,116,20230531,5,30,3,3,2,3,3,3,42,43,34,45,58,,2,9,17,270,2,2,0,0,20230531,6,,0,0.0,20230531,직영,3479,480,474987000,37.55104472,126.98214682,1117010100,서울시,19.8,17.4,용산구,17.0,15.2,7,,39.0,56.0
3,제일,75㎡,서울시 용산구 후암동,1117010100,438-7,서울시 용산구 후암로48길 16,37.552739,126.977077,10,0,5,5,199,47,10,원섭종합건설(주),HT001,75.87,65.61,86,3,1,1,계단식,179100,466290,35820,251370,0,0,0,,,,,,,,,,,,서울후암초등학교,B100002401,서울특별시 용산구 후암동 339번지,공립,단설,19670301,서울특별시교육청,http://huam.sen.es.kr,20230531,13.4,14.2,154,116,20230531,5,30,3,3,2,3,3,3,42,43,34,45,58,,2,9,17,270,2,2,0,0,20230531,6,,0,0.0,20230531,직영,3479,480,474987000,37.55104472,126.98214682,1117010100,서울시,19.8,17.4,용산구,17.0,15.2,7,,39.0,56.0
4,제일,82㎡,서울시 용산구 후암동,1117010100,438-7,서울시 용산구 후암로48길 16,37.552739,126.977077,10,0,5,5,199,47,10,원섭종합건설(주),HT001,82.43,71.28,86,3,2,3,계단식,201600,509040,40320,267120,0,0,0,,,,,"8억 7,000",,,,,,,서울후암초등학교,B100002401,서울특별시 용산구 후암동 339번지,공립,단설,19670301,서울특별시교육청,http://huam.sen.es.kr,20230531,13.4,14.2,154,116,20230531,5,30,3,3,2,3,3,3,42,43,34,45,58,,2,9,17,270,2,2,0,0,20230531,6,,0,0.0,20230531,직영,3479,480,474987000,37.55104472,126.98214682,1117010100,서울시,19.8,17.4,용산구,17.0,15.2,7,,39.0,56.0
5,제일,91,서울시 용산구 후암동,1117010100,438-7,서울시 용산구 후암로48길 16,37.552739,126.977077,10,0,5,5,199,47,10,원섭종합건설(주),HT001,91.13,78.8,86,3,2,3,계단식,261900,623610,52380,309330,0,0,0,,,,,,,,,,,,서울후암초등학교,B100002401,서울특별시 용산구 후암동 339번지,공립,단설,19670301,서울특별시교육청,http://huam.sen.es.kr,20230531,13.4,14.2,154,116,20230531,5,30,3,3,2,3,3,3,42,43,34,45,58,,2,9,17,270,2,2,0,0,20230531,6,,0,0.0,20230531,직영,3479,480,474987000,37.55104472,126.98214682,1117010100,서울시,19.8,17.4,용산구,17.0,15.2,7,,39.0,56.0
0,행남그랜드,96㎡,서울시 용산구 후암동,1117010100,244-5,서울시 용산구 후암로16가길 4,37.54798,126.97808,19,0,5,5,282,59,27,(주)행남종합건설,HT001,96.06,84.73,88,3,2,14,계단식,260100,620190,52020,308070,0,0,0,,,,,,,,,,,,서울후암초등학교,B100002401,서울특별시 용산구 후암동 339번지,공립,단설,19670301,서울특별시교육청,http://huam.sen.es.kr,20230531,13.4,14.2,154,116,20230531,5,30,3,3,2,3,3,3,42,43,34,45,58,,2,9,17,270,2,2,0,0,20230531,6,,0,0.0,20230531,직영,3479,480,474987000,37.55104472,126.98214682,1117010100,서울시,19.8,17.4,용산구,17.0,15.2,9,,39.0,56.0
1,행남그랜드,169㎡,서울시 용산구 후암동,1117010100,244-5,서울시 용산구 후암로16가길 4,37.54798,126.97808,19,0,5,5,282,59,27,(주)행남종합건설,HT001,169.74,149.71,88,4,2,4,계단식,350100,791190,70020,371070,0,0,0,,,,,,,,,,,,서울후암초등학교,B100002401,서울특별시 용산구 후암동 339번지,공립,단설,19670301,서울특별시교육청,http://huam.sen.es.kr,20230531,13.4,14.2,154,116,20230531,5,30,3,3,2,3,3,3,42,43,34,45,58,,2,9,17,270,2,2,0,0,20230531,6,,0,0.0,20230531,직영,3479,480,474987000,37.55104472,126.98214682,1117010100,서울시,19.8,17.4,용산구,17.0,15.2,9,,39.0,56.0
2,행남그랜드,196,서울시 용산구 후암동,1117010100,244-5,서울시 용산구 후암로16가길 4,37.54798,126.97808,19,0,5,5,282,59,27,(주)행남종합건설,HT001,196.61,173.41,88,4,2,1,계단식,437850,952560,87570,427140,0,0,0,,,,,,,,,,,,서울후암초등학교,B100002401,서울특별시 용산구 후암동 339번지,공립,단설,19670301,서울특별시교육청,http://huam.sen.es.kr,20230531,13.4,14.2,154,116,20230531,5,30,3,3,2,3,3,3,42,43,34,45,58,,2,9,17,270,2,2,0,0,20230531,6,,0,0.0,20230531,직영,3479,480,474987000,37.55104472,126.98214682,1117010100,서울시,19.8,17.4,용산구,17.0,15.2,9,,39.0,56.0
0,후암맨션,84,서울시 용산구 후암동,1117010100,1-20,서울시 용산구 후암로44길 8,37.5523,126.97712,20,0,6,6,0,0,0,,HT001,84.6,72.13,85,3,1,20,계단식,170100,449190,34020,245070,0,0,0,,,,,,,,,,,,서울후암초등학교,B100002401,서울특별시 용산구 후암동 339번지,공립,단설,19670301,서울특별시교육청,http://huam.sen.es.kr,20230531,13.4,14.2,154,116,20230531,5,30,3,3,2,3,3,3,42,43,34,45,58,,2,9,17,270,2,2,0,0,20230531,6,,0,0.0,20230531,직영,3479,480,474987000,37.55104472,126.98214682,1117010100,서울시,19.8,17.4,용산구,17.0,15.2,9,,39.0,56.0
0,후암미주,64A㎡,서울시 용산구 후암동,1117010100,423-1,서울시 용산구 후암로 71-1,37.55181,126.97562,226,0,7,6,0,0,0,라이프주택,HT001,64.76,64.26,99,2,1,30,복도식,589050,1194480,117810,487620,0,0,0,,139066,153709,,11억,,,,1억/85,,1억/85,서울삼광초등학교,B100002381,서울특별시 용산구 후암동 190-2,혁신,단설,19451101,서울특별시교육청,http://seoulsamkwang.sen.es.kr,20230531,17.1,18.2,202,181,20230531,6,34,4,3,3,3,3,4,49,63,64,68,66,,1,6,20,383,2,3,0,0,20230531,11,,0,0.0,20230531,직영,3550,461,453397000,37.54723795,126.97668432,1117010100,서울시,19.8,17.4,용산구,17.0,15.2,9,,67.0,147.0
1,후암미주,65B㎡,서울시 용산구 후암동,1117010100,423-1,서울시 용산구 후암로 71-1,37.55181,126.97562,226,0,7,6,0,0,0,라이프주택,HT001,65.36,64.86,99,2,1,6,복도식,511875,1071000,102375,456750,0,0,0,,140365,155145,,,,,,,,,서울삼광초등학교,B100002381,서울특별시 용산구 후암동 190-2,혁신,단설,19451101,서울특별시교육청,http://seoulsamkwang.sen.es.kr,20230531,17.1,18.2,202,181,20230531,6,34,4,3,3,3,3,4,49,63,64,68,66,,1,6,20,383,2,3,0,0,20230531,11,,0,0.0,20230531,직영,3550,461,453397000,37.54723795,126.97668432,1117010100,서울시,19.8,17.4,용산구,17.0,15.2,9,,67.0,147.0
2,후암미주,69B㎡,서울시 용산구 후암동,1117010100,423-1,서울시 용산구 후암로 71-1,37.55181,126.97562,226,0,7,6,0,0,0,라이프주택,HT001,69.92,62.28,89,2,1,94,복도식,589050,1194480,117810,487620,0,0,0,,134782,148973,"10억 5,000","10억 7,000",,,,1억/60,,1억/60,서울삼광초등학교,B100002381,서울특별시 용산구 후암동 190-2,혁신,단설,19451101,서울특별시교육청,http://seoulsamkwang.sen.es.kr,20230531,17.1,18.2,202,181,20230531,6,34,4,3,3,3,3,4,49,63,64,68,66,,1,6,20,383,2,3,0,0,20230531,11,,0,0.0,20230531,직영,3550,461,453397000,37.54723795,126.97668432,1117010100,서울시,19.8,17.4,용산구,17.0,15.2,9,,67.0,147.0
3,후암미주,69A㎡,서울시 용산구 후암동,1117010100,423-1,서울시 용산구 후암로 71-1,37.55181,126.97562,226,0,7,6,0,0,0,라이프주택,HT001,69.82,62.18,89,2,1,1,복도식,568575,1161720,113715,479430,0,0,0,,134565,148734,,"10억 5,000",,,,,,,서울삼광초등학교,B100002381,서울특별시 용산구 후암동 190-2,혁신,단설,19451101,서울특별시교육청,http://seoulsamkwang.sen.es.kr,20230531,17.1,18.2,202,181,20230531,6,34,4,3,3,3,3,4,49,63,64,68,66,,1,6,20,383,2,3,0,0,20230531,11,,0,0.0,20230531,직영,3550,461,453397000,37.54723795,126.97668432,1117010100,서울시,19.8,17.4,용산구,17.0,15.2,9,,67.0,147.0
4,후암미주,70C㎡,서울시 용산구 후암동,1117010100,423-1,서울시 용산구 후암로 71-1,37.55181,126.97562,226,0,7,6,0,0,0,라이프주택,HT001,70.38,62.74,89,2,1,16,복도식,511875,1071000,102375,456750,0,0,0,,135777,150073,,,,,,,,,서울삼광초등학교,B100002381,서울특별시 용산구 후암동 190-2,혁신,단설,19451101,서울특별시교육청,http://seoulsamkwang.sen.es.kr,20230531,17.1,18.2,202,181,20230531,6,34,4,3,3,3,3,4,49,63,64,68,66,,1,6,20,383,2,3,0,0,20230531,11,,0,0.0,20230531,직영,3550,461,453397000,37.54723795,126.97668432,1117010100,서울시,19.8,17.4,용산구,17.0,15.2,9,,67.0,147.0
5,후암미주,70D㎡,서울시 용산구 후암동,1117010100,423-1,서울시 용산구 후암로 71-1,37.55181,126.97562,226,0,7,6,0,0,0,라이프주택,HT001,70.53,62.89,89,2,1,1,복도식,568575,1161720,113715,479430,0,0,0,,136102,150432,,,,,,,,,서울삼광초등학교,B100002381,서울특별시 용산구 후암동 190-2,혁신,단설,19451101,서울특별시교육청,http://seoulsamkwang.sen.es.kr,20230531,17.1,18.2,202,181,20230531,6,34,4,3,3,3,3,4,49,63,64,68,66,,1,6,20,383,2,3,0,0,20230531,11,,0,0.0,20230531,직영,3550,461,453397000,37.54723795,126.97668432,1117010100,서울시,19.8,17.4,용산구,17.0,15.2,9,,67.0,147.0
6,후암미주,71A㎡,서울시 용산구 후암동,1117010100,423-1,서울시 용산구 후암로 71-1,37.55181,126.97562,226,0,7,6,0,0,0,라이프주택,HT001,71.68,62.78,88,2,1,35,복도식,589050,1194480,117810,487620,0,0,0,,135864,150169,,11억,,,,,,,서울삼광초등학교,B100002381,서울특별시 용산구 후암동 190-2,혁신,단설,19451101,서울특별시교육청,http://seoulsamkwang.sen.es.kr,20230531,17.1,18.2,202,181,20230531,6,34,4,3,3,3,3,4,49,63,64,68,66,,1,6,20,383,2,3,0,0,20230531,11,,0,0.0,20230531,직영,3550,461,453397000,37.54723795,126.97668432,1117010100,서울시,19.8,17.4,용산구,17.0,15.2,9,,67.0,147.0
7,후암미주,72C㎡,서울시 용산구 후암동,1117010100,423-1,서울시 용산구 후암로 71-1,37.55181,126.97562,226,0,7,6,0,0,0,라이프주택,HT001,72.49,63.44,88,2,1,30,복도식,589050,1194480,117810,487620,0,0,0,,137292,151748,,"10억 5,000",,,,,,,서울삼광초등학교,B100002381,서울특별시 용산구 후암동 190-2,혁신,단설,19451101,서울특별시교육청,http://seoulsamkwang.sen.es.kr,20230531,17.1,18.2,202,181,20230531,6,34,4,3,3,3,3,4,49,63,64,68,66,,1,6,20,383,2,3,0,0,20230531,11,,0,0.0,20230531,직영,3550,461,453397000,37.54723795,126.97668432,1117010100,서울시,19.8,17.4,용산구,17.0,15.2,9,,67.0,147.0
8,후암미주,72B㎡,서울시 용산구 후암동,1117010100,423-1,서울시 용산구 후암로 71-1,37.55181,126.97562,226,0,7,6,0,0,0,라이프주택,HT001,72.21,63.31,88,2,1,7,복도식,511875,1071000,102375,456750,0,0,0,,137011,151437,,"10억 5,000",,,,,,,서울삼광초등학교,B100002381,서울특별시 용산구 후암동 190-2,혁신,단설,19451101,서울특별시교육청,http://seoulsamkwang.sen.es.kr,20230531,17.1,18.2,202,181,20230531,6,34,4,3,3,3,3,4,49,63,64,68,66,,1,6,20,383,2,3,0,0,20230531,11,,0,0.0,20230531,직영,3550,461,453397000,37.54723795,126.97668432,1117010100,서울시,19.8,17.4,용산구,17.0,15.2,9,,67.0,147.0
9,후암미주,73D,서울시 용산구 후암동,1117010100,423-1,서울시 용산구 후암로 71-1,37.55181,126.97562,226,0,7,6,0,0,0,라이프주택,HT001,73.12,64.07,88,2,1,6,복도식,511875,1071000,102375,456750,0,0,0,,138655,153255,,,,,,,,,서울삼광초등학교,B100002381,서울특별시 용산구 후암동 190-2,혁신,단설,19451101,서울특별시교육청,http://seoulsamkwang.sen.es.kr,20230531,17.1,18.2,202,181,20230531,6,34,4,3,3,3,3,4,49,63,64,68,66,,1,6,20,383,2,3,0,0,20230531,11,,0,0.0,20230531,직영,3550,461,453397000,37.54723795,126.97668432,1117010100,서울시,19.8,17.4,용산구,17.0,15.2,9,,67.0,147.0
0,후암영진,78A㎡,서울시 용산구 후암동,1117010100,244-106,서울시 용산구 후암로22길 10,37.549225,126.978053,16,0,5,4,205,57,17,영진종합건설(주),HT001,78.94,69.86,88,3,1,1,계단식,227700,558630,45540,285390,0,0,0,,,,,,,,,,,,서울후암초등학교,B100002401,서울특별시 용산구 후암동 339번지,공립,단설,19670301,서울특별시교육청,http://huam.sen.es.kr,20230531,13.4,14.2,154,116,20230531,5,30,3,3,2,3,3,3,42,43,34,45,58,,2,9,17,270,2,2,0,0,20230531,6,,0,0.0,20230531,직영,3479,480,474987000,37.55104472,126.98214682,1117010100,서울시,19.8,17.4,용산구,17.0,15.2,8,,39.0,56.0
1,후암영진,78B㎡,서울시 용산구 후암동,1117010100,244-106,서울시 용산구 후암로22길 10,37.549225,126.978053,16,0,5,4,205,57,17,영진종합건설(주),HT001,78.99,69.89,88,3,1,1,계단식,230400,563760,46080,287280,0,0,0,,,,,,,,,,,,서울후암초등학교,B100002401,서울특별시 용산구 후암동 339번지,공립,단설,19670301,서울특별시교육청,http://huam.sen.es.kr,20230531,13.4,14.2,154,116,20230531,5,30,3,3,2,3,3,3,42,43,34,45,58,,2,9,17,270,2,2,0,0,20230531,6,,0,0.0,20230531,직영,3479,480,474987000,37.55104472,126.98214682,1117010100,서울시,19.8,17.4,용산구,17.0,15.2,8,,39.0,56.0
2,후암영진,80C㎡,서울시 용산구 후암동,1117010100,244-106,서울시 용산구 후암로22길 10,37.549225,126.978053,16,0,5,4,205,57,17,영진종합건설(주),HT001,80.9,71.58,88,3,1,3,계단식,239400,580860,47880,293580,0,0,0,,,,,,,,,,,,서울후암초등학교,B100002401,서울특별시 용산구 후암동 339번지,공립,단설,19670301,서울특별시교육청,http://huam.sen.es.kr,20230531,13.4,14.2,154,116,20230531,5,30,3,3,2,3,3,3,42,43,34,45,58,,2,9,17,270,2,2,0,0,20230531,6,,0,0.0,20230531,직영,3479,480,474987000,37.55104472,126.98214682,1117010100,서울시,19.8,17.4,용산구,17.0,15.2,8,,39.0,56.0
3,후암영진,85A㎡,서울시 용산구 후암동,1117010100,244-106,서울시 용산구 후암로22길 10,37.549225,126.978053,16,0,5,4,205,57,17,영진종합건설(주),HT001,85.37,75.54,88,3,1,1,계단식,199800,505620,39960,265860,0,0,0,,,,,,,,,,,,서울후암초등학교,B100002401,서울특별시 용산구 후암동 339번지,공립,단설,19670301,서울특별시교육청,http://huam.sen.es.kr,20230531,13.4,14.2,154,116,20230531,5,30,3,3,2,3,3,3,42,43,34,45,58,,2,9,17,270,2,2,0,0,20230531,6,,0,0.0,20230531,직영,3479,480,474987000,37.55104472,126.98214682,1117010100,서울시,19.8,17.4,용산구,17.0,15.2,8,,39.0,56.0
4,후암영진,85B㎡,서울시 용산구 후암동,1117010100,244-106,서울시 용산구 후암로22길 10,37.549225,126.978053,16,0,5,4,205,57,17,영진종합건설(주),HT001,85.49,75.65,88,3,1,1,계단식,199800,505620,39960,265860,0,0,0,,,,,,,,,,,,서울후암초등학교,B100002401,서울특별시 용산구 후암동 339번지,공립,단설,19670301,서울특별시교육청,http://huam.sen.es.kr,20230531,13.4,14.2,154,116,20230531,5,30,3,3,2,3,3,3,42,43,34,45,58,,2,9,17,270,2,2,0,0,20230531,6,,0,0.0,20230531,직영,3479,480,474987000,37.55104472,126.98214682,1117010100,서울시,19.8,17.4,용산구,17.0,15.2,8,,39.0,56.0
5,후암영진,95A㎡,서울시 용산구 후암동,1117010100,244-106,서울시 용산구 후암로22길 10,37.549225,126.978053,16,0,5,4,205,57,17,영진종합건설(주),HT001,95.05,84.11,88,3,2,5,계단식,245700,592830,49140,297990,0,0,0,,,,,,,,,,,,서울후암초등학교,B100002401,서울특별시 용산구 후암동 339번지,공립,단설,19670301,서울특별시교육청,http://huam.sen.es.kr,20230531,13.4,14.2,154,116,20230531,5,30,3,3,2,3,3,3,42,43,34,45,58,,2,9,17,270,2,2,0,0,20230531,6,,0,0.0,20230531,직영,3479,480,474987000,37.55104472,126.98214682,1117010100,서울시,19.8,17.4,용산구,17.0,15.2,8,,39.0,56.0
6,후암영진,95C㎡,서울시 용산구 후암동,1117010100,244-106,서울시 용산구 후암로22길 10,37.549225,126.978053,16,0,5,4,205,57,17,영진종합건설(주),HT001,95.98,84.93,88,3,2,3,계단식,259200,618480,51840,307440,0,0,0,,,,,,,,,,,,서울후암초등학교,B100002401,서울특별시 용산구 후암동 339번지,공립,단설,19670301,서울특별시교육청,http://huam.sen.es.kr,20230531,13.4,14.2,154,116,20230531,5,30,3,3,2,3,3,3,42,43,34,45,58,,2,9,17,270,2,2,0,0,20230531,6,,0,0.0,20230531,직영,3479,480,474987000,37.55104472,126.98214682,1117010100,서울시,19.8,17.4,용산구,17.0,15.2,8,,39.0,56.0
7,후암영진,95B,서울시 용산구 후암동,1117010100,244-106,서울시 용산구 후암로22길 10,37.549225,126.978053,16,0,5,4,205,57,17,영진종합건설(주),HT001,95.42,84.42,88,3,2,1,계단식,245700,592830,49140,297990,0,0,0,,,,,,,,,,,,서울후암초등학교,B100002401,서울특별시 용산구 후암동 339번지,공립,단설,19670301,서울특별시교육청,http://huam.sen.es.kr,20230531,13.4,14.2,154,116,20230531,5,30,3,3,2,3,3,3,42,43,34,45,58,,2,9,17,270,2,2,0,0,20230531,6,,0,0.0,20230531,직영,3479,480,474987000,37.55104472,126.98214682,1117010100,서울시,19.8,17.4,용산구,17.0,15.2,8,,39.0,56.0
0,힐튼빌리지1,94㎡,서울시 용산구 후암동,1117010100,244-91,서울시 용산구 후암로22길 29,37.549172,126.979196,19,0,5,4,283,59,24,(주)경일주택,HT001,94.48,82.35,87,3,2,8,계단식,196200,498780,39240,263340,0,0,0,,,,,,,,,,,,서울후암초등학교,B100002401,서울특별시 용산구 후암동 339번지,공립,단설,19670301,서울특별시교육청,http://huam.sen.es.kr,20230531,13.4,14.2,154,116,20230531,5,30,3,3,2,3,3,3,42,43,34,45,58,,2,9,17,270,2,2,0,0,20230531,6,,0,0.0,20230531,직영,3479,480,474987000,37.55104472,126.98214682,1117010100,서울시,19.8,17.4,용산구,17.0,15.2,6,,39.0,56.0
1,힐튼빌리지1,103㎡,서울시 용산구 후암동,1117010100,244-91,서울시 용산구 후암로22길 29,37.549172,126.979196,19,0,5,4,283,59,24,(주)경일주택,HT001,103.85,90.51,87,3,2,2,계단식,201600,509040,40320,267120,0,0,0,,,,,,,,,,,,서울후암초등학교,B100002401,서울특별시 용산구 후암동 339번지,공립,단설,19670301,서울특별시교육청,http://huam.sen.es.kr,20230531,13.4,14.2,154,116,20230531,5,30,3,3,2,3,3,3,42,43,34,45,58,,2,9,17,270,2,2,0,0,20230531,6,,0,0.0,20230531,직영,3479,480,474987000,37.55104472,126.98214682,1117010100,서울시,19.8,17.4,용산구,17.0,15.2,6,,39.0,56.0
2,힐튼빌리지1,115㎡,서울시 용산구 후암동,1117010100,244-91,서울시 용산구 후암로22길 29,37.549172,126.979196,19,0,5,4,283,59,24,(주)경일주택,HT001,115.72,100.83,87,3,2,8,계단식,243000,587700,48600,296100,0,0,0,,,,,,,,,,,,서울후암초등학교,B100002401,서울특별시 용산구 후암동 339번지,공립,단설,19670301,서울특별시교육청,http://huam.sen.es.kr,20230531,13.4,14.2,154,116,20230531,5,30,3,3,2,3,3,3,42,43,34,45,58,,2,9,17,270,2,2,0,0,20230531,6,,0,0.0,20230531,직영,3479,480,474987000,37.55104472,126.98214682,1117010100,서울시,19.8,17.4,용산구,17.0,15.2,6,,39.0,56.0
3,힐튼빌리지1,164,서울시 용산구 후암동,1117010100,244-91,서울시 용산구 후암로22길 29,37.549172,126.979196,19,0,5,4,283,59,24,(주)경일주택,HT001,164.5,143.49,87,4,2,1,계단식,444150,962640,88830,429660,0,0,0,,,,,,,,,,,,서울후암초등학교,B100002401,서울특별시 용산구 후암동 339번지,공립,단설,19670301,서울특별시교육청,http://huam.sen.es.kr,20230531,13.4,14.2,154,116,20230531,5,30,3,3,2,3,3,3,42,43,34,45,58,,2,9,17,270,2,2,0,0,20230531,6,,0,0.0,20230531,직영,3479,480,474987000,37.55104472,126.98214682,1117010100,서울시,19.8,17.4,용산구,17.0,15.2,6,,39.0,56.0
